name,code,Sector_main,sector
ADVENTA BHD,7191,Main Market,Health Care
APEX HEALTHCARE BHD,7090,Main Market,Health Care
DUOPHARMA BIOTECH BERHAD,7148,Main Market,Health Care
HARTALEGA HOLDINGS BHD,5168,Main Market,Health Care
IHH HEALTHCARE BERHAD,5225,Main Market,Health Care
KOSSAN RUBBER INDUSTRIES BHD,7153,Main Market,Health Care
KOTRA INDUSTRIES BHD,0002,Main Market,Health Care
KPJ HEALTHCARE BHD,5878,Main Market,Health Care
PHARMANIAGA BHD,7081,Main Market,Health Care
SUPERMAX CORPORATION BHD,7106,Main Market,Health Care
TMC LIFE SCIENCES BHD,0101,Main Market,Health Care
TMC LIFE SCIENCES BERHAD WARRANTS B,0101WB,Main Market,Health Care
TOP GLOVE CORPORATION BHD,7113,Main Market,Health Care
Y.S.P.SOUTHEAST ASIA HOLDING,7178,Main Market,Health Care
ALAM MARITIM RESOURCES BHD,5115,Main Market,Energy
BUMI ARMADA BERHAD,5210,Main Market,Energy
BARAKAH OFFSHORE PETROLEUM BHD,7251,Main Market,Energy
CARIMIN PETROLEUM BERHAD,5257,Main Market,Energy
COASTAL CONTRACTS BHD,5071,Main Market,Energy
DAYA MATERIALS BHD,0091,Main Market,Energy
DAYANG ENTERPRISE HOLDINGS BHD,5141,Main Market,Energy
DELEUM BHD,5132,Main Market,Energy
DIALOG GROUP BHD,7277,Main Market,Energy
HANDAL RESOURCES BERHAD,7253,Main Market,Energy
HENGYUAN REFINING COMPANY BERHAD,4324,Main Market,Energy
HIBISCUS PETROLEUM BHD,5199,Main Market,Energy
HIBISCUS PETROLEUM BERHAD - WARRANTS 2018/2021,5199WC,Main Market,Energy
SINO HUA-AN INTERNATIONAL BHD,2739,Main Market,Energy
ICON OFFSHORE BERHAD,5255,Main Market,Energy
KNM GROUP BHD,7164,Main Market,Energy
KNM GROUP BERHAD - WARRANTS 2015/2020,7164WB,Main Market,Energy
MALAYSIA MARINE AND HEAVY ENG,5186,Main Market,Energy
PETRA ENERGY BHD,5133,Main Market,Energy
PERDANA PETROLEUM BERHAD,7108,Main Market,Energy
PERISAI PETROLEUM TEKNOLOGI,0047,Main Market,Energy
PETRON MALAYSIA REFINING & MARKETING BERHAD,3042,Main Market,Energy
REACH ENERGY BHD,5256,Main Market,Energy
REACH ENERGY BHD-WARRANTS A 14/22,5256WA,Main Market,Energy
SAPURA ENERGY BERHAD,5218,Main Market,Energy
SAPURA ENERGY BERHAD - RCPS-I A 2019/2024,5218PA,Main Market,Energy
SAPURA ENERGY BERHAD - WARRANTS A 2019/2026,5218WA,Main Market,Energy
SCOMI GROUP BHD,7158,Main Market,Energy
SCOMI GROUP BERHAD - WARRANTS B,7158WB,Main Market,Energy
SCOMI ENERGY SERVICES BHD,7045,Main Market,Energy
SERBA DINAMIK HOLDINGS BERHAD,5279,Main Market,Energy
SUMATEC RESOURCES BHD,1201,Main Market,Energy
SUMATEC RES BHD-WARRANTS 11/21,1201WA,Main Market,Energy
T7 GLOBAL BERHAD,7228,Main Market,Energy
TH HEAVY ENGINEERING BERHAD,7206,Main Market,Energy
TH HEAVY ENGINEERING BERHAD-ISLAMIC IRREDEEMABLE CONVERTIBLE PREFERENCE SHARES 15/20,7206PB,Main Market,Energy
UZMA BHD,7250,Main Market,Energy
VELESTO ENERGY BERHAD,5243,Main Market,Energy
VELESTO ENERGY BERHAD - WARRANTS 2017/2024,5243WA,Main Market,Energy
WAH SEONG CORPORATION BHD,5142,Main Market,Energy
YINSON HOLDINGS BHD,7293,Main Market,Energy
CENSOF HOLDINGS BERHAD,5195,Main Market,Technology
CENSOF HOLDINGS BERHAD - WARRANTS B 14/19,5195WB,Main Market,Technology
CUSCAPI BHD,0051,Main Market,Technology
D&O GREEN TECHNOLOGIES BERHAD,7204,Main Market,Technology
DATAPREP HOLDINGS BHD,8338,Main Market,Technology
DIGISTAR CORPORATION BHD,0029,Main Market,Technology
DIGISTAR CORP BHD-WB,0029WB,Main Market,Technology
DAGANG NEXCHANGE BERHAD,4456,Main Market,Technology
DAGANG NEXCHANGE BERHAD - WARRANTS 2016/2021,4456WD,Main Market,Technology
DATASONIC GROUP BERHAD,5216,Main Market,Technology
DATASONIC GROUP BERHAD - WARRANTS A 2018/2023,5216WA,Main Market,Technology
EDARAN BHD,5036,Main Market,Technology
EXCEL FORCE MSC BHD,0065,Main Market,Technology
EXCEL FORCE MSC BHD-WARRANT A 14/19,0065WA,Main Market,Technology
ELSOFT RESEARCH BHD,0090,Main Market,Technology
FRONTKEN CORPORATION BHD,0128,Main Market,Technology
FSBM HOLDINGS BHD,9377,Main Market,Technology
FSBM HOLDINGS BERHAD - WARR,9377WA,Main Market,Technology
GHL SYSTEMS BHD,0021,Main Market,Technology
GRAND-FLO BERHAD,0056,Main Market,Technology
GLOBETRONICS TECHNOLOGY BHD,7022,Main Market,Technology
HEITECH PADU BHD,5028,Main Market,Technology
INARI AMERTRON BERHAD,0166,Main Market,Technology
INARI AMERTRON BERHAD-WARRANTS B 15/20,0166WB,Main Market,Technology
INDUSTRONICS BHD,9393,Main Market,Technology
JCY INTERNATIONAL BERHAD,5161,Main Market,Technology
KESM INDUSTRIES BHD,9334,Main Market,Technology
KEY ASIC BHD,0143,Main Market,Technology
MI TECHNOVATION BERHAD,5286,Main Market,Technology
MMS VENTURES BHD,0113,Main Market,Technology
MALAYSIAN PACIFIC INDUSTRIES,3867,Main Market,Technology
MESINIAGA BHD,5011,Main Market,Technology
MY E.G. SERVICES BHD,0138,Main Market,Technology
MSCM HOLDINGS BERHAD,0041,Main Market,Technology
NOTION VTEC BHD,0083,Main Market,Technology
NOTION VTEC BERHAD - WARRANTS C 2018/2023,0083WC,Main Market,Technology
OMESTI BHD,9008,Main Market,Technology
PENTAMASTER CORPORATION BHD,7160,Main Market,Technology
PRESTARIANG BERHAD,5204,Main Market,Technology
THETA EDGE BERHAD,9075,Main Market,Technology
TRIVE PROPERTY GROUP BERHAD,0118,Main Market,Technology
TRIVE PROPERTY GROUP BERHAD - WARRANTS 2017/2020,0118WB,Main Market,Technology
TURIYA BHD,4359,Main Market,Technology
UNISEM (M) BHD,5005,Main Market,Technology
VITROX CORPORATION BHD,0097,Main Market,Technology
VSTECS BERHAD,5162,Main Market,Technology
WILLOWGLEN MSC BHD,0008,Main Market,Technology
ACME HOLDINGS BERHAD,7131,Main Market,Property
AMCORP PROPERTIES BERHAD,1007,Main Market,Property
AMCORP PROPERTIES BERHAD - PREFERENCE SHARES A,1007PA,Main Market,Property
AMCORP PROPERTIES BERHAD - PREFERENCE SHARES B,1007PB,Main Market,Property
AMVERTON BERHAD,5959,Main Market,Property
ARK RESOURCES HOLDINGS BERHAD,7007,Main Market,Property
ARK RESOURCES HOLDINGS BERHAD - WARRANTS B 2011/2021,7007WB,Main Market,Property
ASIAN PAC HOLDINGS BHD,4057,Main Market,Property
ASIAN PAC HOLDINGS BERHAD - WARRANTS B 2017/2022,4057WB,Main Market,Property
AYER HOLDINGS BERHAD,2305,Main Market,Property
BCB BHD,6602,Main Market,Property
BINA DARULAMAN BHD,6173,Main Market,Property
BERTAM ALLIANCE BHD,9814,Main Market,Property
BERJAYA ASSETS BERHAD,3239,Main Market,Property
BERJAYA ASSETS BERHAD - WARRANTS B 2018/2023,3239WB,Main Market,Property
COUNTRY HEIGHTS HOLDINGS BHD,5738,Main Market,Property
COUNTRY HEIGHTS HOLDINGS BERHAD - WARRANTS B,5738WB,Main Market,Property
CRESCENDO CORPORATION BHD,6718,Main Market,Property
COUNTRY VIEW BHD,5049,Main Market,Property
DAIMAN DEVELOPMENT BHD,5355,Main Market,Property
DAMANSARA REALTY BHD,3484,Main Market,Property
DAMANSARA REALTY BHD-WARRANT A 2017/2020,3484WA,Main Market,Property
DPS RESOURCES BHD,7198,Main Market,Property
DPS RESOURCES BERHAD - WARRANTS B 2015/2025,7198WB,Main Market,Property
EASTERN & ORIENTAL BHD,3417,Main Market,Property
EASTERN & ORIENTAL BERHAD - WARRANTS B 15/19,3417WB,Main Market,Property
ECOFIRST CONSOLIDATED BHD,3557,Main Market,Property
ECOFIRST CONSOLIDATED BHD-WARRANTS 14/19,3557WC,Main Market,Property
ECO WORLD DEVELOPMENT GROUP BERHAD,8206,Main Market,Property
ECO WORLD DEVELOPMENT GROUP BERHAD - WARRANTS 2015/2022,8206WA,Main Market,Property
ENCORP BHD,6076,Main Market,Property
ENRA GROUP BERHAD,8613,Main Market,Property
EUPE CORPORATION BHD,6815,Main Market,Property
EWEIN BERHAD,7249,Main Market,Property
ECO WORLD INTERNATIONAL BERHAD,5283,Main Market,Property
ECO WORLD INTERNATIONAL BERHAD-WARRANTS 2017/2022,5283WA,Main Market,Property
FARLIM GROUP (M) BHD,6041,Main Market,Property
GLOMAC BHD,5020,Main Market,Property
GROMUTUAL BHD,9962,Main Market,Property
GLOBAL ORIENTAL BERHAD,1147,Main Market,Property
GLOBAL ORIENTAL BERHAD-WA 2014/2019,1147WA,Main Market,Property
GSB GROUP BHD,7077,Main Market,Property
GUOCOLAND (MALAYSIA) BHD,1503,Main Market,Property
HCK CAPITAL GROUP BERHAD,7105,Main Market,Property
HCK CAPITAL GROUP BERHAD - WARRANTS,7105WA,Main Market,Property
GRAND HOOVER BHD,7010,Main Market,Property
HUA YANG BHD,5062,Main Market,Property
I-BHD,4251,Main Market,Property
I-BERHAD-WARRANTS A 14/19,4251WA,Main Market,Property
IBRACO BHD,5084,Main Market,Property
IDEAL UNITED BINTANG INTERNATIONAL BERHAD,9687,Main Market,Property
IDEAL UNITED BINTANG INTERNATIONAL BERHAD-WARRANTS B 2016/2021,9687WB,Main Market,Property
IGB BERHAD,5606,Main Market,Property
IGB BERHAD - REDEEMABLE CONVERTIBLE PREFERENCE SHARES (RCPS) 2015/2020,5606PA,Main Market,Property
IGB BERHAD - REDEEMABLE CONVERTIBLE CUMULATIVE PREFERENCE SHARES 2018/2025,5606PB,Main Market,Property
IOI PROPERTIES GROUP BERHAD,5249,Main Market,Property
IVORY PROPERTIES GROUP BERHAD,5175,Main Market,Property
ISKANDAR WATERFRONT CITY BERHAD,1589,Main Market,Property
JIANKUN INTERNATIONAL BERHAD,8923,Main Market,Property
JIANKUN INTERNATIONAL BERHAD - WARRANTS A,8923WA,Main Market,Property
JKG LAND BERHAD,6769,Main Market,Property
KARAMBUNAI CORP BHD,3115,Main Market,Property
KARAMBUNAI CORP BHD -WC 13/23,3115WC,Main Market,Property
KEN HOLDINGS BHD,7323,Main Market,Property
KSL HOLDINGS BHD,5038,Main Market,Property
LAND & GENERAL BHD,3174,Main Market,Property
LBI CAPITAL BHD,8494,Main Market,Property
LBS BINA GROUP BHD,5789,Main Market,Property
LBS BINA GROUP BERHAD - REDEEMABLE CONVERTIBLE PREFERENCE SHARES,5789PA,Main Market,Property
LBS BINA GROUP BERHAD - WARRANTS B,5789WB,Main Market,Property
LIEN HOE CORPORATION BHD,3573,Main Market,Property
MAGNA PRIMA BHD,7617,Main Market,Property
MAGNA PRIMA BERHAD-WARRANTS B 15/20,7617WB,Main Market,Property
MAH SING GROUP BHD,8583,Main Market,Property
MAH SING GROUP BERHAD - WARRANTS C,8583WC,Main Market,Property
MALTON BHD,6181,Main Market,Property
MATRIX CONCEPTS HOLDINGS BHD,5236,Main Market,Property
MATRIX CONCEPTS HOLDINGS BERHAD - WARRANTS A,5236WA,Main Market,Property
MB WORLD GROUP BERHAD,7189,Main Market,Property
MCT BERHAD,5182,Main Market,Property
MENANG CORPORATION (M) BHD,1694,Main Market,Property
MENANG CORPORATION (M) BHD-WARRANTS B 14/19,1694WB,Main Market,Property
MERIDIAN BERHAD,5040,Main Market,Property
MERIDIAN BERHAD - WARRANTS 2011/2021,5040WA,Main Market,Property
MERIDIAN BERHAD - WARRANTS 2012/2022,5040WB,Main Market,Property
MERIDIAN BERHAD - WARRANTS 2014/2024,5040WC,Main Market,Property
MAJUPERAK HOLDINGS BHD,8141,Main Market,Property
MKH BERHAD,6114,Main Market,Property
MK LAND HOLDINGS BHD,8893,Main Market,Property
MALAYSIA PACIFIC CORP BHD,6548,Main Market,Property
MALAYSIAN RESOURCES CORPORATION BERHAD,1651,Main Market,Property
MALAYSIAN RESOURCES CORPORATION BERHAD - WARRANTS B 2017/2027,1651WB,Main Market,Property
MULTI-USAGE HOLDINGS BHD,9539,Main Market,Property
MUI PROPERTIES BHD,3913,Main Market,Property
NAIM HOLDINGS BHD,5073,Main Market,Property
ORIENTAL INTEREST BHD,5827,Main Market,Property
OSK HOLDINGS BHD,5053,Main Market,Property
OSK HOLDINGS BERHAD-WARRANTS C 15/20,5053WC,Main Market,Property
PARAMOUNT CORPORATION BHD,1724,Main Market,Property
PASDEC HOLDINGS BHD,6912,Main Market,Property
PASDEC HOLDINGS BERHAD - WARRANTS A 2018/2023,6912WA,Main Market,Property
PEGASUS HEIGHTS BERHAD,4464,Main Market,Property
PLB ENGINEERING BHD,7055,Main Market,Property
PLENITUDE BHD,5075,Main Market,Property
RAPID SYNERGY BHD,7765,Main Market,Property
SAPURA RESOURCES BHD,4596,Main Market,Property
SBC CORPORATION BHD,5207,Main Market,Property
SELANGOR DREDGING BHD,2224,Main Market,Property
SEAL INCORPORATED BHD,4286,Main Market,Property
SHL CONSOLIDATED BHD,6017,Main Market,Property
SIME DARBY PROPERTY BERHAD,5288,Main Market,Property
SOUTH MALAYSIA INDUSTRIES BHD,4375,Main Market,Property
SENTORIA GROUP BERHAD,5213,Main Market,Property
SENTORIA GROUP BERHAD-WARRANTS A,5213WA,Main Market,Property
SENTORIA GROUP BERHAD-WARRANTS B 2018/2025,5213WB,Main Market,Property
SELANGOR PROPERTIES BHD,1783,Main Market,Property
SP SETIA BHD,8664,Main Market,Property
S P SETIA BERHAD - ISLAMIC REDEEMABLE CONVERTIBLE PREFERENCE SHARES (RCPS-I),8664PA,Main Market,Property
S P SETIA BERHAD - ISLAMIC REDEEMABLE CONVERTIBLE PREFERENCE SHARES B (RCPS-I B),8664PB,Main Market,Property
SUNSURIA BERHAD,3743,Main Market,Property
SUNSURIA BERHAD - WARRANTS A 2015/2020,3743WA,Main Market,Property
SYMPHONY LIFE BERHAD,1538,Main Market,Property
SYMPHONY LIFE BERHAD-WB 13/20,1538WB,Main Market,Property
TADMAX RESOURCES BERHAD,4022,Main Market,Property
TA GLOBAL BHD,5158,Main Market,Property
TALAM TRANSFORM BERHAD,2259,Main Market,Property
TAMBUN INDAH LAND BERHAD,5191,Main Market,Property
TANCO HOLDINGS BHD,2429,Main Market,Property
TANCO HOLDINGS BERHAD - WARRANTS B 2018/2021,2429WB,Main Market,Property
THRIVEN GLOBAL BERHAD,7889,Main Market,Property
THRIVEN GLOBAL BERHAD-WARRANTS B 15/20,7889WB,Main Market,Property
TIGER SYNERGY BERHAD,7079,Main Market,Property
TIGER SYNERGY BERHAD - WARRANTS 2016-2021,7079WC,Main Market,Property
TITIJAYA LAND BERHAD,5239,Main Market,Property
TITIJAYA LAND BERHAD - ICPS 2017/2022,5239PA,Main Market,Property
TROPICANA CORPORATION BERHAD,5401,Main Market,Property
TROPICANA CORP BHD-WA 09/19,5401WA,Main Market,Property
UEM SUNRISE BERHAD,5148,Main Market,Property
UOA DEVELOPMENT BERHAD,5200,Main Market,Property
WMG HOLDINGS BERHAD,6378,Main Market,Property
Y&G CORPORATION BHD,7003,Main Market,Property
Y&G CORPORATION BHD - WARRANTS A 14/19,7003WA,Main Market,Property
YNH PROPERTY BHD,3158,Main Market,Property
YONG TAI BHD,7066,Main Market,Property
YONG TAI BERHAD - ICPS 2016/2026,7066PA,Main Market,Property
YONG TAI BERHAD - WARRANTS 2015/2020,7066WA,Main Market,Property
YTL LAND & DEVELOPMENT BHD,2577,Main Market,Property
EDEN INC. BHD,7471,Main Market,Utilities
EDEN INC. BERHAD - WARRANTS B 2018/2021,7471WB,Main Market,Utilities
GAS MALAYSIA BERHAD,5209,Main Market,Utilities
KUMPULAN PERANGSANG SELANGOR,5843,Main Market,Utilities
MALAKOFF CORPORATION BERHAD,5264,Main Market,Utilities
MEGA FIRST CORPORATION BHD,3069,Main Market,Utilities
MEGA FIRST CORPORATION BERHAD - WARRANTS A 2016/2020,3069WA,Main Market,Utilities
PBA HOLDINGS BHD,5041,Main Market,Utilities
PETRONAS GAS BHD,6033,Main Market,Utilities
RANHILL HOLDINGS BERHAD,5272,Main Market,Utilities
SALCON BHD,8567,Main Market,Utilities
SALCON BERHAD - WARRANTS B 2018/2025,8567WB,Main Market,Utilities
TALIWORKS CORPORATION BHD,8524,Main Market,Utilities
TENAGA NASIONAL BHD,5347,Main Market,Utilities
YTL CORPORATION BHD,4677,Main Market,Utilities
YTL POWER INTERNATIONAL BHD,6742,Main Market,Utilities
ALLIANCE BANK MALAYSIA BERHAD,2488,Main Market,Financial Services
AEON CREDIT SERVICE (M) BHD,5139,Main Market,Financial Services
AFFIN BANK BERHAD,5185,Main Market,Financial Services
ALLIANZ MALAYSIA BHD,1163,Main Market,Financial Services
ALLIANZ MALAYSIA BHD-ICPS,1163PA,Main Market,Financial Services
AMMB HOLDINGS BHD,1015,Main Market,Financial Services
APEX EQUITY HOLDINGS BHD,5088,Main Market,Financial Services
BIMB HOLDINGS BHD,5258,Main Market,Financial Services
BIMB HOLDINGS BERHAD-WA 13/23,5258WA,Main Market,Financial Services
BURSA MALAYSIA BHD,1818,Main Market,Financial Services
CIMB GROUP HOLDINGS BERHAD,1023,Main Market,Financial Services
ECM LIBRA FINANCIAL GRP BHD,2143,Main Market,Financial Services
ELK-DESA RESOURCES BERHAD,5228,Main Market,Financial Services
HONG LEONG BANK BHD,5819,Main Market,Financial Services
HONG LEONG CAPITAL BERHAD,5274,Main Market,Financial Services
HONG LEONG FINANCIAL GROUP BHD,1082,Main Market,Financial Services
INSAS BHD,3379,Main Market,Financial Services
INSAS BERHAD-PREFERENCE SHARES A,3379PA,Main Market,Financial Services
INSAS BERHAD - WB 15/20,3379WB,Main Market,Financial Services
JOHAN HOLDINGS BHD,3441,Main Market,Financial Services
KENANGA INVESTMENT BANK BERHAD,6483,Main Market,Financial Services
KUCHAI DEVELOPMENT BHD,2186,Main Market,Financial Services
LPI CAPITAL BHD,8621,Main Market,Financial Services
MAA GROUP BERHAD,1198,Main Market,Financial Services
MANULIFE HOLDINGS BERHAD,1058,Main Market,Financial Services
MALAYAN BANKING BHD,1155,Main Market,Financial Services
MALAYSIA BUILDING SOCIETY BHD,1171,Main Market,Financial Services
MNRB HOLDINGS BHD,6459,Main Market,Financial Services
MPHB Capital Berhad,5237,Main Market,Financial Services
PACIFIC & ORIENT BHD,6009,Main Market,Financial Services
PUBLIC BANK BHD,1295,Main Market,Financial Services
RCE CAPITAL BHD,9296,Main Market,Financial Services
RHB BANK BERHAD,1066,Main Market,Financial Services
TA ENTERPRISE BHD,4898,Main Market,Financial Services
SYARIKAT TAKAFUL MALAYSIA KELUARGA BERHAD,6139,Main Market,Financial Services
TUNE PROTECT GROUP BERHAD,5230,Main Market,Financial Services
ASIA MEDIA GROUP BERHAD,0159,Main Market,Telecommunications & Media
AMTEL HOLDINGS BHD,7031,Main Market,Telecommunications & Media
ASTRO MALAYSIA HOLDINGS BERHAD,6399,Main Market,Telecommunications & Media
AXIATA GROUP BERHAD,6888,Main Market,Telecommunications & Media
BERJAYA MEDIA BHD,6025,Main Market,Telecommunications & Media
DIGI.COM BHD,6947,Main Market,Telecommunications & Media
ECOBUILT HOLDINGS BERHAD,0059,Main Market,Telecommunications & Media
GREEN PACKET BHD,0082,Main Market,Telecommunications & Media
GREEN PACKET BERHAD - WARRANTS B 2018/2023,0082WB,Main Market,Telecommunications & Media
MAXIS BERHAD,6012,Main Market,Telecommunications & Media
MEDIA PRIMA BHD,4502,Main Market,Telecommunications & Media
MEDIA CHINESE INTERNATIONAL LT,5090,Main Market,Telecommunications & Media
OCK GROUP BERHAD,0172,Main Market,Telecommunications & Media
OCK GROUP BERHAD - WARRANTS A 2015/2020,0172WA,Main Market,Telecommunications & Media
PELANGI PUBLISHING GROUP BHD,7190,Main Market,Telecommunications & Media
SASBADI HOLDINGS BHD,5252,Main Market,Telecommunications & Media
SENI JAYA CORPORATION BHD,9431,Main Market,Telecommunications & Media
STAR MEDIA GROUP BERHAD,6084,Main Market,Telecommunications & Media
TIME DOTCOM BHD,5031,Main Market,Telecommunications & Media
TELEKOM MALAYSIA BHD,4863,Main Market,Telecommunications & Media
UTUSAN MELAYU (M) BHD,5754,Main Market,Telecommunications & Media
THREE-A RESOURCES BHD,0012,Main Market,Consumer Products & Services
AIRASIA X BERHAD,5238,Main Market,Consumer Products & Services
AIRASIA X BERHAD - WARRANTS  A  2015/2020,5238WA,Main Market,Consumer Products & Services
ACOUSTECH BHD,7120,Main Market,Consumer Products & Services
AEON CO. (M) BHD,6599,Main Market,Consumer Products & Services
AHB HOLDINGS BHD,7315,Main Market,Consumer Products & Services
AHB HOLDINGS BERHAD - WARRANTS B 2014/2019,7315WB,Main Market,Consumer Products & Services
AIRASIA GROUP BERHAD,5099,Main Market,Consumer Products & Services
AJINOMOTO (M) BHD,2658,Main Market,Consumer Products & Services
AMTEK HOLDINGS BHD,7051,Main Market,Consumer Products & Services
AMWAY (M) HOLDINGS BHD,6351,Main Market,Consumer Products & Services
APFT BERHAD,5194,Main Market,Consumer Products & Services
APOLLO FOOD HOLDINGS BHD,6432,Main Market,Consumer Products & Services
ADVANCE SYNERGY BHD,1481,Main Market,Consumer Products & Services
ASIA BRANDS BERHAD,7722,Main Market,Consumer Products & Services
ASIA FILE CORPORATION BHD,7129,Main Market,Consumer Products & Services
ATLAN HOLDINGS BHD,7048,Main Market,Consumer Products & Services
AVILLION BERHAD,8885,Main Market,Consumer Products & Services
BRITISH AMERICAN TOBACCO (M),4162,Main Market,Consumer Products & Services
BERMAZ AUTO BERHAD,5248,Main Market,Consumer Products & Services
BIO OSMO BHD,7243,Main Market,Consumer Products & Services
BERJAYA FOOD BERHAD,5196,Main Market,Consumer Products & Services
BERJAYA LAND BHD,4219,Main Market,Consumer Products & Services
BERJAYA SPORTS TOTO BHD,1562,Main Market,Consumer Products & Services
BONIA CORPORATION BHD,9288,Main Market,Consumer Products & Services
BRAHIMS HOLDINGS BERHAD,9474,Main Market,Consumer Products & Services
CAB CAKARAN CORPORATION BHD,7174,Main Market,Consumer Products & Services
CAB CAKARAN CORPORATION BERHAD - Warrants 2015/2020,7174WA,Main Market,Consumer Products & Services
CAELY HOLDINGS BHD,7154,Main Market,Consumer Products & Services
CAELY HOLDINGS BERHAD - WARRANTS 2018/2021,7154WA,Main Market,Consumer Products & Services
CAM RESOURCES BHD,7128,Main Market,Consumer Products & Services
CARING PHARMACY GROUP BERHAD,5245,Main Market,Consumer Products & Services
CARLSBERG BREWERY MALAYSIA BHD,2836,Main Market,Consumer Products & Services
CYCLE & CARRIAGE BINTANG BHD,2925,Main Market,Consumer Products & Services
CCK CONSOLIDATED HOLDINGS BHD,7035,Main Market,Consumer Products & Services
CCK CONSOLIDATED HOLDINGS BERHAD - WARRANTS 2018/2023,7035WA,Main Market,Consumer Products & Services
CHEETAH HOLDINGS BHD,7209,Main Market,Consumer Products & Services
C.I. HOLDINGS BHD,2828,Main Market,Consumer Products & Services
CNI HOLDINGS BHD,5104,Main Market,Consumer Products & Services
CHINA OUHUA WINERY HLDGS LTD,5188,Main Market,Consumer Products & Services
COCOALAND HOLDINGS BHD,7205,Main Market,Consumer Products & Services
CLASSIC SCENIC BHD,7202,Main Market,Consumer Products & Services
CHINA STATIONERY LIMITED,5214,Main Market,Consumer Products & Services
CWG HOLDINGS BERHAD,9423,Main Market,Consumer Products & Services
D.B.E. GURNEY RESOURCES BHD,7179,Main Market,Consumer Products & Services
D.B.E. GURNEY RESOURCES BERHAD - WARRANTS 2017/2022,7179WB,Main Market,Consumer Products & Services
DEGEM BHD,7119,Main Market,Consumer Products & Services
DKSH HOLDINGS(M)BHD,5908,Main Market,Consumer Products & Services
DUTCH LADY MILK INDUSTRIES BHD,3026,Main Market,Consumer Products & Services
DRB-HICOM BHD,1619,Main Market,Consumer Products & Services
EASTLAND EQUITY BHD,2097,Main Market,Consumer Products & Services
ESTHETICS INTERNATIONAL GROUP,5081,Main Market,Consumer Products & Services
EKA NOODLES BERHAD,7182,Main Market,Consumer Products & Services
EMICO HOLDINGS BHD,9091,Main Market,Consumer Products & Services
ENG KAH CORPORATION BHD,7149,Main Market,Consumer Products & Services
EURO HOLDINGS BHD,7208,Main Market,Consumer Products & Services
EUROSPAN HOLDINGS BHD,7094,Main Market,Consumer Products & Services
FRASER & NEAVE HOLDINGS BHD,3689,Main Market,Consumer Products & Services
FCW HOLDINGS BHD,2755,Main Market,Consumer Products & Services
FIAMMA HOLDINGS BHD,6939,Main Market,Consumer Products & Services
FEDERAL INTERNATIONAL HOLDINGS BERHAD,8605,Main Market,Consumer Products & Services
FEDERAL INTERNATIONAL HOLDINGS BERHAD - RCPS 16/26,8605PA,Main Market,Consumer Products & Services
FEDERAL INTERNATIONAL HOLDINGS BERHAD - RCPS 18/28,8605PB,Main Market,Consumer Products & Services
FORMOSA PROSONIC INDUSTRIES,9172,Main Market,Consumer Products & Services
G3 GLOBAL BERHAD,7184,Main Market,Consumer Products & Services
G3 GLOBAL BERHAD - WARRANTS 2017/2022,7184WA,Main Market,Consumer Products & Services
GUAN CHONG BHD,5102,Main Market,Consumer Products & Services
GRAND CENTRAL ENTERPRISES BHD,5592,Main Market,Consumer Products & Services
GENTING MALAYSIA BERHAD,4715,Main Market,Consumer Products & Services
GENTING BHD,3182,Main Market,Consumer Products & Services
GETS GLOBAL BERHAD,5079,Main Market,Consumer Products & Services
GREENYIELD BHD,0136,Main Market,Consumer Products & Services
HAI-O ENTERPRISE BHD,7668,Main Market,Consumer Products & Services
HARRISONS HOLDINGS (M) BHD,5008,Main Market,Consumer Products & Services
HB GLOBAL LIMITED,5187,Main Market,Consumer Products & Services
HEINEKEN MALAYSIA BERHAD,3255,Main Market,Consumer Products & Services
HONG LEONG INDUSTRIES BHD,3301,Main Market,Consumer Products & Services
HOMERITZ CORPORATION BERHAD,5160,Main Market,Consumer Products & Services
HOMERITZ CORPORATION BERHAD - WARRANTS 2015/2020,5160WA,Main Market,Consumer Products & Services
HUP SENG INDUSTRIES BHD,5024,Main Market,Consumer Products & Services
HWA TAI INDUSTRIES BHD,8478,Main Market,Consumer Products & Services
IQ GROUP HOLDINGS BHD,5107,Main Market,Consumer Products & Services
JADI IMAGING HOLDINGS BHD,7223,Main Market,Consumer Products & Services
JAYCORP BHD,7152,Main Market,Consumer Products & Services
JERASIA CAPITAL BHD,8931,Main Market,Consumer Products & Services
JOHORE TIN BHD,7167,Main Market,Consumer Products & Services
KAMDAR GROUP(M)BHD,8672,Main Market,Consumer Products & Services
KAREX BERHAD,5247,Main Market,Consumer Products & Services
KAWAN FOOD BHD,7216,Main Market,Consumer Products & Services
KUANTAN FLOUR MILLS BHD,8303,Main Market,Consumer Products & Services
KHEE SAN BHD,6203,Main Market,Consumer Products & Services
KHIND HOLDINGS BHD,7062,Main Market,Consumer Products & Services
KUMPULAN POWERNET BHD,7130,Main Market,Consumer Products & Services
K-STAR SPORTS LIMITED,5172,Main Market,Consumer Products & Services
K-STAR SPORTS LIMITED - WARRANTS 2018/2021,5172WA,Main Market,Consumer Products & Services
KONSORTIUM TRANSNASIONAL BHD,4847,Main Market,Consumer Products & Services
LANDMARKS BHD,1643,Main Market,Consumer Products & Services
LATITUDE TREE HOLDINGS BHD,7006,Main Market,Consumer Products & Services
LAY HONG BHD,9385,Main Market,Consumer Products & Services
LAY HONG BERHAD - WARRANTS 2016/2021,9385WA,Main Market,Consumer Products & Services
LEE SWEE KIAT GROUP BHD,8079,Main Market,Consumer Products & Services
LII HEN INDUSTRIES BHD,7089,Main Market,Consumer Products & Services
LONDON BISCUITS BHD,7126,Main Market,Consumer Products & Services
LONDON BISCUITS BERHAD-WARRANTS 2015/2020,7126WA,Main Market,Consumer Products & Services
LTKM BHD,7085,Main Market,Consumer Products & Services
MAGNI-TECH INDUSTRIES BHD,7087,Main Market,Consumer Products & Services
MAGNUM BERHAD,3859,Main Market,Consumer Products & Services
MARCO HOLDINGS BHD,3514,Main Market,Consumer Products & Services
MAXWELL INT HOLDINGS BERHAD,5189,Main Market,Consumer Products & Services
MAXWELL INTERNATIONAL HOLDINGS BERHAD - WA 2015/2020,5189WA,Main Market,Consumer Products & Services
MINTYE BERHAD,5886,Main Market,Consumer Products & Services
MBM RESOURCES BHD,5983,Main Market,Consumer Products & Services
MESB BHD,7234,Main Market,Consumer Products & Services
MESB BERHAD - WARRANTS 2017/2022,7234WA,Main Market,Consumer Products & Services
MALAYAN FLOUR MILLS BHD,3662,Main Market,Consumer Products & Services
MALAYAN FLOUR MILLS BERHAD - WARRANTS 2019/2024,3662WC,Main Market,Consumer Products & Services
MILUX CORPORATION BHD,7935,Main Market,Consumer Products & Services
MINDA GLOBAL BERHAD,5166,Main Market,Consumer Products & Services
MSM MALAYSIA HOLDINGS BERHAD,5202,Main Market,Consumer Products & Services
MULTI SPORTS HOLDINGS LTD,5150,Main Market,Consumer Products & Services
MALAYAN UNITED INDUSTRIES BHD,3891,Main Market,Consumer Products & Services
MULPHA INTERNATIONAL BHD,3905,Main Market,Consumer Products & Services
MYNEWS HOLDINGS BERHAD,5275,Main Market,Consumer Products & Services
NESTLE (M) BHD,4707,Main Market,Consumer Products & Services
NEW HOONG FATT HOLDINGS BHD,7060,Main Market,Consumer Products & Services
NICHE CAPITAL EMAS HLDG BHD,7139,Main Market,Consumer Products & Services
NICHE CAPITAL EMAS HOLDINGS BERHAD - WARRANTS 2019/2024,7139WB,Main Market,Consumer Products & Services
NI HSIN RESOURCES BHD,7215,Main Market,Consumer Products & Services
NTPM HOLDINGS BHD,5066,Main Market,Consumer Products & Services
OCB BHD,5533,Main Market,Consumer Products & Services
OCEANCASH PACIFIC BHD,0049,Main Market,Consumer Products & Services
ORIENTAL FOOD INDUSTRIES HLDG,7107,Main Market,Consumer Products & Services
OLYMPIA INDUSTRIES BHD,3018,Main Market,Consumer Products & Services
ORIENTAL HOLDINGS BHD,4006,Main Market,Consumer Products & Services
ONLY WORLD GROUP HOLDINGS BERHAD,5260,Main Market,Consumer Products & Services
ONLY WORLD GROUP HOLDINGS BERHAD - WARRANTS A 2018/2023,5260WA,Main Market,Consumer Products & Services
PADINI HOLDINGS BHD,7052,Main Market,Consumer Products & Services
PANASONIC MANUFACTURING MSIA,3719,Main Market,Consumer Products & Services
PAOS HOLDINGS BHD,5022,Main Market,Consumer Products & Services
PAOS HOLDINGS BERHAD - WARRANTS 2016/2021,5022WA,Main Market,Consumer Products & Services
PARAGON UNION BHD,9407,Main Market,Consumer Products & Services
PARKSON HOLDINGS BHD,5657,Main Market,Consumer Products & Services
PCCS GROUP BHD,6068,Main Market,Consumer Products & Services
PCCS GROUP BERHAD - WARRANTS 2017 / 2022,6068WA,Main Market,Consumer Products & Services
PELIKAN INT.CORPORATION BHD,5231,Main Market,Consumer Products & Services
PENSONIC HOLDINGS BHD,9997,Main Market,Consumer Products & Services
PENSONIC HOLDINGS BERHAD - WARRANTS B 2014/2024,9997WB,Main Market,Consumer Products & Services
PERMAJU INDUSTRIES BHD,7080,Main Market,Consumer Products & Services
PETRONAS DAGANGAN BHD,5681,Main Market,Consumer Products & Services
PAN MALAYSIA CORPORATION BHD,4081,Main Market,Consumer Products & Services
PAN MALAYSIA HOLDINGS BHD,1287,Main Market,Consumer Products & Services
POH KONG HOLDINGS BHD,5080,Main Market,Consumer Products & Services
POH HUAT RESOURCES HOLDINGS,7088,Main Market,Consumer Products & Services
POH HUAT RESOURCES HOLDINGS BERHAD - WARRANTS 15/20,7088WB,Main Market,Consumer Products & Services
PPB GROUP BHD,4065,Main Market,Consumer Products & Services
PRG HOLDINGS BERHAD,7168,Main Market,Consumer Products & Services
PRG HOLDINGS BERHAD-WARRANTS 2014/2019,7168WA,Main Market,Consumer Products & Services
PROLEXUS BHD,8966,Main Market,Consumer Products & Services
PROLEXUS BERHAD - WARRANTS 2016/2021,8966WA,Main Market,Consumer Products & Services
PERAK TRANSIT BERHAD,0186,Main Market,Consumer Products & Services
PERAK TRANSIT BERHAD - WARRANTS A 2017/2020,0186WA,Main Market,Consumer Products & Services
PWF CONSOLIDATED BERHAD,7134,Main Market,Consumer Products & Services
PWF CONSOLIDATED BERHAD - WARRANTS 16/21,7134WA,Main Market,Consumer Products & Services
POWER ROOT BERHAD,7237,Main Market,Consumer Products & Services
POWER ROOT BERHAD - WARRANTS 2018/2023,7237WA,Main Market,Consumer Products & Services
QL RESOURCES BHD,7084,Main Market,Consumer Products & Services
REX INDUSTRY BHD,9946,Main Market,Consumer Products & Services
RGB INTERNATIONAL BHD,0037,Main Market,Consumer Products & Services
RHONE MA HOLDINGS BERHAD,5278,Main Market,Consumer Products & Services
SALUTICA BERHAD,0183,Main Market,Consumer Products & Services
SANBUMI HOLDINGS BHD,9113,Main Market,Consumer Products & Services
SAUDEE GROUP BERHAD,5157,Main Market,Consumer Products & Services
SAUDEE GROUP BERHAD - WARRANTS 2016/2021,5157WA,Main Market,Consumer Products & Services
SEG INTERNATIONAL BHD,9792,Main Market,Consumer Products & Services
7-ELEVEN MALAYSIA HOLDINGS BERHAD,5250,Main Market,Consumer Products & Services
SERN KOU RESOURCES BHD,7180,Main Market,Consumer Products & Services
SERN KOU RESOURCES BERHAD - WARRANTS 2018/2023,7180WA,Main Market,Consumer Products & Services
SHANGRI-LA HOTELS (M) BHD,5517,Main Market,Consumer Products & Services
SHH RESOURCES HOLDINGS BHD,7412,Main Market,Consumer Products & Services
SIGNATURE INTERNATIONAL BHD,7246,Main Market,Consumer Products & Services
SIGNATURE INTERNATIONAL BERHAD - WARRANTS 2016/2021,7246WA,Main Market,Consumer Products & Services
SIME DARBY BHD,4197,Main Market,Consumer Products & Services
SINOTOP HOLDINGS BERHAD,8532,Main Market,Consumer Products & Services
SINMAH CAPITAL BERHAD,9776,Main Market,Consumer Products & Services
SINMAH CAPITAL BERHAD - WARRANTS 2018/2023,9776WC,Main Market,Consumer Products & Services
SAND NISKO CAPITAL BERHAD,7943,Main Market,Consumer Products & Services
SOLID AUTOMOTIVE BHD,5242,Main Market,Consumer Products & Services
SOLID AUTOMOTIVE BERHAD - WARRANTS 2015/2020,5242WA,Main Market,Consumer Products & Services
SPRITZER BHD,7103,Main Market,Consumer Products & Services
SUIWAH CORPORATION BHD,9865,Main Market,Consumer Products & Services
SWS CAPITAL BERHAD,7186,Main Market,Consumer Products & Services
SWS CAPITAL BERHAD - WARRANTS 2018/2023,7186WB,Main Market,Consumer Products & Services
SYF RESOURCES BHD,7082,Main Market,Consumer Products & Services
SYF RESOURCES BERHAD-WARRANTS 2014/2019,7082WB,Main Market,Consumer Products & Services
TAFI INDUSTRIES BHD,7211,Main Market,Consumer Products & Services
TAN CHONG MOTOR HOLDINGS BHD,4405,Main Market,Consumer Products & Services
TECK GUAN PERDANA BHD,7439,Main Market,Consumer Products & Services
TEK SENG HOLDINGS BHD,7200,Main Market,Consumer Products & Services
TEK SENG HOLDINGS BERHAD - WARRANTS 2015/2020,7200WA,Main Market,Consumer Products & Services
TEO SENG CAPITAL BHD,7252,Main Market,Consumer Products & Services
TEO SENG CAPITAL BERHAD - Warrants 2015/2020,7252WA,Main Market,Consumer Products & Services
TEO GUAN LEE CORPORATION BHD,9369,Main Market,Consumer Products & Services
TOMEI CONSOLIDATED BHD,7230,Main Market,Consumer Products & Services
TPC PLUS BHD,7176,Main Market,Consumer Products & Services
TPC PLUS BERHAD - WARRANTS A 2016/2021,7176WA,Main Market,Consumer Products & Services
UMW HOLDINGS BHD,4588,Main Market,Consumer Products & Services
UPA CORPORATION BHD,7757,Main Market,Consumer Products & Services
VERTICE BERHAD,7240,Main Market,Consumer Products & Services
VERTICE BERHAD - WARRANTS A 2014/2024,7240WA,Main Market,Consumer Products & Services
WANG-ZHENG BHD,7203,Main Market,Consumer Products & Services
WARISAN TC HOLDINGS BHD,5016,Main Market,Consumer Products & Services
XIDELANG HOLDINGS LTD,5156,Main Market,Consumer Products & Services
XIDELANG HOLDINGS LTD - WARRANTS 2019/2022,5156WD,Main Market,Consumer Products & Services
XIAN LENG HOLDINGS BHD,7121,Main Market,Consumer Products & Services
XINGQUAN INT SPORTS HLDG LTD,5155,Main Market,Consumer Products & Services
XINGQUAN INT SPORTS HLDG LTD-WARRANT 14/19,5155WA,Main Market,Consumer Products & Services
XINGQUAN INTERNATIONAL SPORTS HOLDINGS LIMITED-WARRANTS 2016/2021,5155WB,Main Market,Consumer Products & Services
YEE LEE CORPORATION BHD,5584,Main Market,Consumer Products & Services
YOONG ONN CORPORATION BERHAD,5159,Main Market,Consumer Products & Services
ZHULIAN CORPORATION BHD,5131,Main Market,Consumer Products & Services
AMANAH HARTA TANAH PNB,4952,Main Market,Real Estate Investment Trusts
AL-AQAR HEALTHCARE REIT,5116,Main Market,Real Estate Investment Trusts
AL-SALAM REAL ESTATE INVESTMENT TRUST,5269,Main Market,Real Estate Investment Trusts
AMFIRST REITS,5120,Main Market,Real Estate Investment Trusts
AMANAHRAYA REITS,5127,Main Market,Real Estate Investment Trusts
ATRIUM REITS,5130,Main Market,Real Estate Investment Trusts
AXIS REITS,5106,Main Market,Real Estate Investment Trusts
CAPITALAND MALAYSIA MALL TRUST,5180,Main Market,Real Estate Investment Trusts
HEKTAR REITS,5121,Main Market,Real Estate Investment Trusts
IGB REAL ESTATE INV TRUST,5227,Main Market,Real Estate Investment Trusts
KIP REAL ESTATE INVESTMENT TRUST,5280,Main Market,Real Estate Investment Trusts
KLCC PROP&REITS-STAPLED SEC,5235SS,Main Market,Real Estate Investment Trusts
MRCB-QUILL REIT,5123,Main Market,Real Estate Investment Trusts
PAVILION REAL ESTATE INV TRUST,5212,Main Market,Real Estate Investment Trusts
SUNWAY REAL ESTATE INVT TRUST,5176,Main Market,Real Estate Investment Trusts
TOWER REITS,5111,Main Market,Real Estate Investment Trusts
UOA REITS,5110,Main Market,Real Estate Investment Trusts
YTL HOSPITALITY REIT,5109,Main Market,Real Estate Investment Trusts
ASTRAL ASIA BHD,7054,Main Market,Plantation
BATU KAWAN BHD,1899,Main Market,Plantation
BLD PLANTATION BHD,5069,Main Market,Plantation
BOUSTEAD PLANTATIONS BHD,5254,Main Market,Plantation
CEPATWAWASAN GROUP BHD,8982,Main Market,Plantation
CHIN TECK PLANTATIONS BHD,1929,Main Market,Plantation
DUTALAND BHD,3948,Main Market,Plantation
FAR EAST HOLDINGS BHD,5029,Main Market,Plantation
FGV HOLDINGS BERHAD,5222,Main Market,Plantation
GENTING PLANTATIONS BERHAD,2291,Main Market,Plantation
GENTING PLANTATIONS BERHAD-WARRANT A 13/19,2291WA,Main Market,Plantation
GOLDEN LAND BERHAD,7382,Main Market,Plantation
GOPENG BHD,2135,Main Market,Plantation
HARN LEN CORPORATION BHD,7501,Main Market,Plantation
HAP SENG PLANTATIONS HOLDINGS,5138,Main Market,Plantation
IJM PLANTATIONS BHD,2216,Main Market,Plantation
INCH KENNETH KAJANG RUBBER PLC,2607,Main Market,Plantation
INNOPRISE PLANTATIONS BERHAD,6262,Main Market,Plantation
IOI CORPORATION BHD,1961,Main Market,Plantation
JAYA TIASA HOLDINGS BHD,4383,Main Market,Plantation
KUALA LUMPUR KEPONG BHD,2445,Main Market,Plantation
KLUANG RUBBER CO (M) BHD,2453,Main Market,Plantation
KIM LOONG RESOURCES BHD,5027,Main Market,Plantation
KIM LOONG RESOURCES BERHAD-WARRANTS B,5027WB,Main Market,Plantation
KRETAM HOLDINGS BHD,1996,Main Market,Plantation
KWANTAS CORPORATION BHD,6572,Main Market,Plantation
MALPAC HOLDINGS BHD,4936,Main Market,Plantation
MHC PLANTATIONS BHD,5026,Main Market,Plantation
NPC RESOURCES BHD,5047,Main Market,Plantation
NEGRI SEMBILAN OIL PALMS BHD,2038,Main Market,Plantation
PINEHILL PACIFIC BERHAD,1902,Main Market,Plantation
PLS PLANTATIONS BERHAD,9695,Main Market,Plantation
RIMBUNAN SAWIT BHD,5113,Main Market,Plantation
RIVERVIEW RUBBER ESTATES BHD,2542,Main Market,Plantation
SUNGEI BAGAN RUBBER CO (M) BHD,2569,Main Market,Plantation
SIN HENG CHAN (MALAYA) BHD,4316,Main Market,Plantation
SIME DARBY PLANTATION BERHAD,5285,Main Market,Plantation
SARAWAK OIL PALMS BHD,5126,Main Market,Plantation
SARAWAK PLANTATION BHD,5135,Main Market,Plantation
TA ANN HOLDINGS BHD,5012,Main Market,Plantation
TDM BHD,2054,Main Market,Plantation
TH PLANTATIONS BHD,5112,Main Market,Plantation
TSH RESOURCES BHD,9059,Main Market,Plantation
UNITED MALACCA BHD,2593,Main Market,Plantation
UNITED PLANTATIONS BHD,2089,Main Market,Plantation
MALAYSIA AIRPORTS HOLDINGS BHD,5014,Main Market,Transportation & Logistics
BOUSTEAD HEAVY INDUSTRIES CORP,8133,Main Market,Transportation & Logistics
BINTULU PORT HOLDINGS BHD,5032,Main Market,Transportation & Logistics
CHIN HIN GROUP PROPERTY BERHAD,7187,Main Market,Transportation & Logistics
CHIN HIN GROUP PROPERTY BERHAD - WARRANTS 2013/2023,7187WA,Main Market,Transportation & Logistics
CJ CENTURY LOGISTICS HOLDINGS BERHAD,7117,Main Market,Transportation & Logistics
COMPLETE LOGISTIC SERVICES BHD,5136,Main Market,Transportation & Logistics
E.A.TECHNIQUE (M) BERHAD,5259,Main Market,Transportation & Logistics
FREIGHT MANAGEMENT HLDGS BHD,7210,Main Market,Transportation & Logistics
GD EXPRESS CARRIER BHD,0078,Main Market,Transportation & Logistics
GD EXPRESS CARRIER  BERHAD- Warrants B 2015/2020,0078WB,Main Market,Transportation & Logistics
GUNUNG CAPITAL BERHAD,7676,Main Market,Transportation & Logistics
GUNUNG CAPITAL BHD-WB 10/20,7676WB,Main Market,Transportation & Logistics
HARBOUR-LINK GROUP BHD,2062,Main Market,Transportation & Logistics
HARBOUR-LINK GROUP BERHAD-WARRANTS C 2016/2021,2062WC,Main Market,Transportation & Logistics
HUBLINE BHD,7013,Main Market,Transportation & Logistics
HUBLINE BHD- WARRANT 2009/2019,7013WA,Main Market,Transportation & Logistics
HUBLINE BERHAD - WARRANTS B 2015/2020,7013WB,Main Market,Transportation & Logistics
HUBLINE BERHAD - WARRANTS C 2018/2023,7013WC,Main Market,Transportation & Logistics
INTEGRATED LOGISTICS BHD,5614,Main Market,Transportation & Logistics
LINGKARAN TRANS KOTA HOLDINGS,6645,Main Market,Transportation & Logistics
MARINE & GENERAL BERHAD,5078,Main Market,Transportation & Logistics
MALAYSIAN BULK CARRIERS BHD,5077,Main Market,Transportation & Logistics
MISC BHD,3816,Main Market,Transportation & Logistics
MMC CORPORATION BHD,2194,Main Market,Transportation & Logistics
NATIONWIDE EXPRESS HOLDINGS BERHAD,9806,Main Market,Transportation & Logistics
PDZ HOLDINGS BHD,6254,Main Market,Transportation & Logistics
PDZ HOLDINGS BHD - WARRANTS B 2018/2023,6254WB,Main Market,Transportation & Logistics
POS MALAYSIA BHD,4634,Main Market,Transportation & Logistics
PERAK CORPORATION BHD,8346,Main Market,Transportation & Logistics
SEALINK INTERNATIONAL BHD,5145,Main Market,Transportation & Logistics
SEE HUP CONSOLIDATED BHD,7053,Main Market,Transportation & Logistics
SURIA CAPITAL HOLDINGS BHD,6521,Main Market,Transportation & Logistics
SHIN YANG SHIPPING CORP BHD,5173,Main Market,Transportation & Logistics
TAS OFFSHORE BERHAD,5149,Main Market,Transportation & Logistics
TASCO BERHAD,5140,Main Market,Transportation & Logistics
TIONG NAM LOGISTICS HOLDINGS,8397,Main Market,Transportation & Logistics
TRANSOCEAN HOLDINGS BHD,7218,Main Market,Transportation & Logistics
WESTPORTS HOLDINGS BERHAD,5246,Main Market,Transportation & Logistics
XIN HWA HOLDINGS BERHAD,5267,Main Market,Transportation & Logistics
RED SENA BERHAD,5270,Main Market,Special Purpose Acquisition Company
ICAPITAL.BIZ BHD,5108,Main Market,Closed End Fund
CAREPLUS GROUP BERHAD,0163,Ace Market,Health Care
LKL INTERNATIONAL BERHAD,0182,Ace Market,Health Care
MSIAN GENOMICS RES CENTRE BHD,0155,Ace Market,Health Care
NOVA WELLNESS GROUP BERHAD,0201,Ace Market,Health Care
AEMULUS HOLDINGS BERHAD,0181,Ace Market,Technology
APPASIA BERHAD,0119,Ace Market,Technology
APPASIA BERHAD - WARRANTS A,0119WA,Ace Market,Technology
ASDION BHD,0068,Ace Market,Technology
ASDION BERHAD - WARRANTS 2014/2019,0068WB,Ace Market,Technology
CABNET HOLDINGS BERHAD,0191,Ace Market,Technology
CABNET HOLDINGS BERHAD - WARRANTS 2018/2021,0191WA,Ace Market,Technology
DGB ASIA BERHAD,0152,Ace Market,Technology
DGB ASIA BERHAD - WARRANTS 2018/2021,0152WB,Ace Market,Technology
DIVERSIFIED GATEWAY SOLUTIONS,0131,Ace Market,Technology
EA HOLDINGS BERHAD,0154,Ace Market,Technology
EA HOLDINGS BERHAD - WARRANTS 14/19,0154WC,Ace Market,Technology
EA HOLDINGS BERHAD - WARRANTS D 2017/2022,0154WD,Ace Market,Technology
EA HOLDINGS BERHAD - WARRANTS E 2018/2023,0154WE,Ace Market,Technology
EDUSPEC HOLDINGS BERHAD,0107,Ace Market,Technology
GENETEC TECHNOLOGY BERHAD,0104,Ace Market,Technology
G NEPTUNE BERHAD,0045,Ace Market,Technology
iDIMENSION CONSOLIDATED BHD,0174,Ace Market,Technology
iDIMENSION CONSOLIDATED BERHAD-WARRANTS A,0174WA,Ace Market,Technology
IFCA MSC BHD,0023,Ace Market,Technology
INIX TECHNOLOGIES HOLDINGS BHD,0094,Ace Market,Technology
INIX TECHNOLOGIES HOLDINGS BERHAD - WARRANTS A 2015/2020,0094WA,Ace Market,Technology
IRIS CORPORATION BHD,0010,Ace Market,Technology
JF TECHNOLOGY BHD,0146,Ace Market,Technology
JHM CONSOLIDATION BHD,0127,Ace Market,Technology
K-ONE TECHNOLOGY BHD,0111,Ace Market,Technology
K-ONE TECHNOLOGY BERHAD - WARRANTS 2018/2021,0111WC,Ace Market,Technology
KEY ALLIANCE GROUP BERHAD,0036,Ace Market,Technology
KEY ALLIANCE GROUP BERHAD-WARRANTS B 2017/2020,0036WB,Ace Market,Technology
KRONOLOGI ASIA BERHAD,0176,Ace Market,Technology
LAMBO GROUP BERHAD,0018,Ace Market,Technology
LYC HEALTHCARE BERHAD,0075,Ace Market,Technology
MICROLINK SOLUTIONS BHD,0126,Ace Market,Technology
MIKRO MSC BERHAD,0112,Ace Market,Technology
MLABS SYSTEMS BHD,0085,Ace Market,Technology
MLABS SYSTEMS-WARRANTS 10/20,0085WA,Ace Market,Technology
MLABS SYSTEMS BERHAD - WARRANTS 2017/2020,0085WB,Ace Market,Technology
MMAG HOLDINGS BERHAD,0034,Ace Market,Technology
MMAG HOLDINGS BERHAD - ICPS A 2017/2022,0034PA,Ace Market,Technology
MMAG HOLDINGS BERHAD - WARRANTS B 2017/2022,0034WB,Ace Market,Technology
MANAGEPAY SYSTEMS BERHAD,0156,Ace Market,Technology
MQ TECHNOLOGY BHD,0070,Ace Market,Technology
MQ TECHNOLOGY BERHAD - WARRANT A 2016 /2021,0070WA,Ace Market,Technology
N2N CONNECT BHD,0108,Ace Market,Technology
N2N CONNECT BERHAD - WARRANTS 2019/2024,0108WB,Ace Market,Technology
NETX HOLDINGS BHD,0020,Ace Market,Technology
NETX HOLDINGS BERHAD - WARRANTS B 2016/2019,0020WB,Ace Market,Technology
NOVA MSC BHD,0026,Ace Market,Technology
OPENSYS (M) BHD,0040,Ace Market,Technology
ORION IXL BERHAD,0079,Ace Market,Technology
ORION IXL BERHAD - WARRANTS 2017/2022,0079WA,Ace Market,Technology
PINEAPPLE RESOURCES BHD,0006,Ace Market,Technology
REVENUE GROUP BERHAD,0200,Ace Market,Technology
REVENUE GROUP BERHAD - WARRANTS 2019/2024,0200WA,Ace Market,Technology
REXIT BHD,0106,Ace Market,Technology
RADIANT GLOBALTECH BERHAD,0202,Ace Market,Technology
SECUREMETRIC BERHAD,0203,Ace Market,Technology
SMRT HOLDINGS BERHAD,0117,Ace Market,Technology
SMTRACK BERHAD,0169,Ace Market,Technology
SOLUTION ENGINEERING HOLDINGS,0093,Ace Market,Technology
SOLUTION ENGINEERING HOLDINGS BERHAD WARRANTS A,0093WA,Ace Market,Technology
SYSTECH BHD,0050,Ace Market,Technology
TECHNODEX BHD,0132,Ace Market,Technology
TFP SOLUTIONS BHD,0145,Ace Market,Technology
UCREST BERHAD,0005,Ace Market,Technology
VORTEX CONSOLIDATED BERHAD,0060,Ace Market,Technology
VISDYNAMICS HOLDINGS BHD,0120,Ace Market,Technology
VISDYNAMICS HOLDINGS BERHAD - WARRANTS B 2017/2022,0120WB,Ace Market,Technology
VIVOCOM INTL HOLDINGS BERHAD,0069,Ace Market,Technology
VIVOCOM INTL HOLDINGS BERHAD - WARRANTS C 2015/2020,0069WC,Ace Market,Technology
VIVOCOM INTL HOLDINGS BERHAD - WARRANTS D 2015/2020,0069WD,Ace Market,Technology
VIVOCOM INTL HOLDINGS BERHAD- WARRANTS E 2018/2023,0069WE,Ace Market,Technology
VSOLAR GROUP BERHAD,0066,Ace Market,Technology
WINTONI GROUP BHD,0141,Ace Market,Technology
YGL CONVERGENCE BHD,0086,Ace Market,Technology
ANCOM LOGISTICS BERHAD,0048,Ace Market,Transportation & Logistics
STRAITS INTER LOGISTICS BERHAD,0080,Ace Market,Transportation & Logistics
STRAITS INTER LOGISTICS BERHAD - WARRANTS 2017/2022,0080WA,Ace Market,Transportation & Logistics
TRI-MODE SYSTEM (M) BERHAD,0199,Ace Market,Transportation & Logistics
FINTEC GLOBAL BERHAD,0150,Ace Market,Financial Services
FINTEC GLOBAL BERHAD - ICPS A 2017/2027,0150PA,Ace Market,Financial Services
FINTEC GLOBAL BERHAD - WARRANTS A 2014/2024,0150WA,Ace Market,Financial Services
FINTEC GLOBAL BERHAD - WARRANTS B 2017/2022,0150WB,Ace Market,Financial Services
OSK VENTURES INTERNATIONAL BHD,0053,Ace Market,Financial Services
BAHVEST RESOURCES BERHAD,0098,Ace Market,Consumer Products & Services
BAHVEST RESOURCES BERHAD - WARRANTS A 2017/2024,0098WA,Ace Market,Consumer Products & Services
BIOALPHA HOLDINGS BERHAD,0179,Ace Market,Consumer Products & Services
BIOALPHA HOLDINGS BERHAD- WARRANTS A 2017/2022,0179WA,Ace Market,Consumer Products & Services
DPI HOLDINGS BERHAD,0205,Ace Market,Consumer Products & Services
FOCUS DYNAMICS GROUP BERHAD,0116,Ace Market,Consumer Products & Services
FOCUS DYNAMICS GROUP BERHAD- WARRANTS C 2014/2019,0116WC,Ace Market,Consumer Products & Services
FOCUS POINT HOLDINGS BERHAD,0157,Ace Market,Consumer Products & Services
GREEN OCEAN CORPORATION BERHAD,0074,Ace Market,Consumer Products & Services
GREEN OCEAN CORPORATION BHD- WARRANTS A 14/19,0074WA,Ace Market,Consumer Products & Services
KANGER INTERNATIONAL BERHAD,0170,Ace Market,Consumer Products & Services
KANGER INTERNATIONAL BERHAD-WARRANTS A,0170WA,Ace Market,Consumer Products & Services
KIM TECK CHEONG CONSOLIDATED BERHAD,0180,Ace Market,Consumer Products & Services
OVERSEA ENTERPRISE BERHAD,0153,Ace Market,Consumer Products & Services
PARLO BERHAD,0022,Ace Market,Consumer Products & Services
PETERLABS HOLDINGS BHD,0171,Ace Market,Consumer Products & Services
SCC HOLDINGS BERHAD,0158,Ace Market,Consumer Products & Services
STERLING PROGRESS BERHAD,0140,Ace Market,Consumer Products & Services
STERLING PROGRESS BERHAD - WARRANTS 2011/2021,0140WA,Ace Market,Consumer Products & Services
SUNZEN BIOTECH BHD,0148,Ace Market,Consumer Products & Services
SUNZEN BIOTECH BERHAD-Warrants 2014/2019,0148WA,Ace Market,Consumer Products & Services
SUNZEN BIOTECH BERHAD - WARRANTS B 2016/2021,0148WB,Ace Market,Consumer Products & Services
WEGMANS HOLDINGS BERHAD,0197,Ace Market,Consumer Products & Services
WEGMANS HOLDINGS BERHAD - WARRANTS A 2019/2022,0197WA,Ace Market,Consumer Products & Services
XINGHE HOLDINGS BERHAD,0095,Ace Market,Consumer Products & Services
XINGHE HOLDINGS BERHAD - WARRANTS A,0095WA,Ace Market,Consumer Products & Services
GDB HOLDINGS BERHAD,0198,Ace Market,Construction
GAGASAN NADI CERGAS BERHAD,0206,Ace Market,Construction
SC ESTATE BUILDER BERHAD,0109,Ace Market,Construction
SC ESTATE BUILDER BERHAD - WARRANTS B 2014/2019,0109WB,Ace Market,Construction
WIDAD GROUP BERHAD,0162,Ace Market,Construction
WIDAD GROUP BERHAD - WARRANT 2018 /2023,0162WA,Ace Market,Construction
ADVANCE INFORMATION MARKETING,0122,Ace Market,Industrial Products & Services
ASIA POLY HOLDINGS BHD,0105,Ace Market,Industrial Products & Services
ASIA POLY HOLDINGS BERHAD - ICPS A 2017/2022,0105PA,Ace Market,Industrial Products & Services
ASIA POLY HOLDINGS BERHAD - WARRANTS A 2015/2020,0105WA,Ace Market,Industrial Products & Services
ASIA POLY HOLDINGS BERHAD-WARRANTS B 2017/2022,0105WB,Ace Market,Industrial Products & Services
AT SYSTEMATIZATION BHD,0072,Ace Market,Industrial Products & Services
AT SYSTEMATIZATION BERHAD-WARRANTS B 16/19,0072WB,Ace Market,Industrial Products & Services
BCM ALLIANCE BERHAD,0187,Ace Market,Industrial Products & Services
CONNECTCOUNTY HOLDINGS BHD,0102,Ace Market,Industrial Products & Services
CONNECTCOUNTY HOLDINGS BERHAD - IRREDEEMABLE CONVERTIBLE PREFERENCE SHARES 2016/2021,0102PA,Ace Market,Industrial Products & Services
CONNECTCOUNTY HLD BHD-WA 11/21,0102WA,Ace Market,Industrial Products & Services
CONNECTCOUNTY HOLDINGS BERHAD-WARRANTS B 2016/2021,0102WB,Ace Market,Industrial Products & Services
EVERSAFE RUBBER BERHAD,0190,Ace Market,Industrial Products & Services
ES CERAMICS TECHNOLOGY BHD,0100,Ace Market,Industrial Products & Services
GFM SERVICES BERHAD,0039,Ace Market,Industrial Products & Services
GFM SERVICES BERHAD - WARRANTS C 2019/2022,0039WC,Ace Market,Industrial Products & Services
HENG HUAT RESOURCES GROUP BHD,0175,Ace Market,Industrial Products & Services
HIAP HUAT HOLDINGS BHD,0160,Ace Market,Industrial Products & Services
HLT GLOBAL BERHAD,0188,Ace Market,Industrial Products & Services
HLT GLOBAL BERHAD - WARRANTS 2017/2022,0188WA,Ace Market,Industrial Products & Services
JAG BERHAD,0024,Ace Market,Industrial Products & Services
JAG BERHAD-WARRANTS A 2014/2019,0024WA,Ace Market,Industrial Products & Services
JAG BERHAD - WARRANTS 2017/2020,0024WB,Ace Market,Industrial Products & Services
KEJURUTERAAN ASASTERA BERHAD,0193,Ace Market,Industrial Products & Services
MCLEAN TECHNOLOGIES BERHAD,0167,Ace Market,Industrial Products & Services
MCLEAN TECHNOLOGIES BERHAD-WARRANTS B 15/20,0167WB,Ace Market,Industrial Products & Services
MEGA SUN CITY HOLDINGS BERHAD,0081,Ace Market,Industrial Products & Services
MEGA SUN CITY HOLDINGS BERHAD - WA 14/19,0081WA,Ace Market,Industrial Products & Services
PASUKHAS GROUP BERHAD,0177,Ace Market,Industrial Products & Services
PLASTRADE TECHNOLOGY BHD,0038,Ace Market,Industrial Products & Services
QES GROUP BERHAD,0196,Ace Market,Industrial Products & Services
SANICHI TECHNOLOGY BHD,0133,Ace Market,Industrial Products & Services
SANICHI TECHNOLOGY BERHAD - WARRANTS C 14/19,0133WC,Ace Market,Industrial Products & Services
SANICHI TECHNOLOGY BERHAD - WARRANTS D 2016/2019,0133WD,Ace Market,Industrial Products & Services
SANICHI TECHNOLOGY BERHAD - WARRANTS E 2018/2021,0133WE,Ace Market,Industrial Products & Services
SCH GROUP BERHAD,0161,Ace Market,Industrial Products & Services
SCH GROUP BERHAD - WARRANTS 2016/2021,0161WA,Ace Market,Industrial Products & Services
SUPERCOMNET TECHNOLOGIES BHD,0001,Ace Market,Industrial Products & Services
SCOPE INDUSTRIES BHD,0028,Ace Market,Industrial Products & Services
SCOPE INDUSTRIES BHD - WARR,0028WA,Ace Market,Industrial Products & Services
SERSOL BERHAD,0055,Ace Market,Industrial Products & Services
SERSOL BERHAD - WARR13/23,0055WA,Ace Market,Industrial Products & Services
TECHFAST HOLDINGS BHD,0084,Ace Market,Industrial Products & Services
TEX CYCLE TECHNOLOGY (M) BHD,0089,Ace Market,Industrial Products & Services
YBS INTERNATIONAL BERHAD,0025,Ace Market,Industrial Products & Services
BINASAT COMMUNICATIONS BERHAD,0195,Ace Market,Telecommunications & Media
INNITY CORPORATION BHD,0147,Ace Market,Telecommunications & Media
M3 TECHNOLOGIES(ASIA)BHD,0017,Ace Market,Telecommunications & Media
M3 TECHNOLOGIES (ASIA) BERHAD - WARRANTS A 2016/2019,0017WA,Ace Market,Telecommunications & Media
MNC WIRELESS BHD,0103,Ace Market,Telecommunications & Media
M N C WIRELESS BERHAD - WARRANTS A 2016/2021,0103WA,Ace Market,Telecommunications & Media
MTOUCHE TECHNOLOGY BHD,0092,Ace Market,Telecommunications & Media
MTOUCHE TECH BHD-WB 2010/2020,0092WB,Ace Market,Telecommunications & Media
MTOUCHE TECHNOLOGY BERHAD - WARRANTS C 2017/2020,0092WC,Ace Market,Telecommunications & Media
NEXGRAM HOLDINGS BERHAD,0096,Ace Market,Telecommunications & Media
NEXGRAM HOLDINGS BERHAD - WA 12/22,0096WA,Ace Market,Telecommunications & Media
NEXGRAM HOLDINGS BERHAD - WB 13/23,0096WB,Ace Market,Telecommunications & Media
NEXGRAM HOLDINGS BERHAD - WARRANTS C  14/24,0096WC,Ace Market,Telecommunications & Media
OPCOM HOLDINGS BHD,0035,Ace Market,Telecommunications & Media
PRIVASIA TECHNOLOGY BERHAD,0123,Ace Market,Telecommunications & Media
PUC BERHAD,0007,Ace Market,Telecommunications & Media
PUC BERHAD - WARRANTS A,0007WA,Ace Market,Telecommunications & Media
REDTONE INTERNATIONAL BHD,0032,Ace Market,Telecommunications & Media
REV ASIA BERHAD,0173,Ace Market,Telecommunications & Media
SEDANIA INNOVATOR BERHAD,0178,Ace Market,Telecommunications & Media
SILVER RIDGE HOLDINGS BHD,0129,Ace Market,Telecommunications & Media
SILVER RIDGE HLDG-WARRANT13/23,0129WA,Ace Market,Telecommunications & Media
XOX BHD,0165,Ace Market,Telecommunications & Media
BRITE-TECH BHD,0011,Ace Market,Utilities
AEON CREDIT SERVICE (M) BERHAD - ICULS 2017/2020,5139LA,Bond & Loan,Financial Services
ELK-DESA RESOURCES BHD-ICULS 2014/2022,5228LA,Bond & Loan,Financial Services
REDTONE INTL - ICULS 2010/2020,0032LA,Bond & Loan,Telecommunications & Media
ATTA GLOBAL GROUP BERHAD - ICULS 12/22,7099LA,Bond & Loan,Industrial Products & Services
BERJAYA CORP BHD-ICULS 12/22,3395LD,Bond & Loan,Industrial Products & Services
BERJAYA CORPORATION BERHAD - ICULS 2016/2026,3395LE,Bond & Loan,Industrial Products & Services
CME GROUP BHD-IRREDEEMABLE CONVERTIBLE UNSECURED LOAN STOCKS 14/24,7018LA,Bond & Loan,Industrial Products & Services
HIAP TECK VENTURE BERHAD - RCUIDS 2016/2021,5072LA,Bond & Loan,Industrial Products & Services
IRE-TEX CORPORATION BERHAD-ICULS 14/19,7183LA,Bond & Loan,Industrial Products & Services
PMB TECHNOLOGY BERHAD - ICULS A 2018/2023,7172LA,Bond & Loan,Industrial Products & Services
SOUTHERN STEEL BERHAD - RCULS 2015/2020,5665LB,Bond & Loan,Industrial Products & Services
THONG GUAN INDUSTRIES BERHAD - ICULS 2014/2019,7034LA,Bond & Loan,Industrial Products & Services
ASIAN PAC HOLDINGS BERHAD- ICULS 2017/2022,4057LC,Bond & Loan,Property
I-BERHAD - IRREDEEMABLE CONVERTIBLE UNSECURED LOAN STOCK,4251LB,Bond & Loan,Property
YTL LAND & DEVELOPMENT-ICULS,2577LA,Bond & Loan,Property
DANAINFRA NASIONAL-ETBS 4%0223,0400GA,Bond & Loan,Bond Islamic
DANAINFRA NASIONAL-ETBS 4.23%0721,0400GC,Bond & Loan,Bond Islamic
DANAINFRA NASIONAL-ETBS4.58%1028,0400GB,Bond & Loan,Bond Islamic
IHSAN SUKUK-ETBS 4.60%0824,0401GA,Bond & Loan,Bond Islamic
HARTA-C11: CW HARTALEGA HOLDINGS BERHAD (CIMB),516811,Warrants,Health Care
HARTA-C15: CW HARTALEGA HOLDINGS BERHAD (MACQ),516815,Warrants,Health Care
HARTA-C16: CW HARTALEGA HOLDINGS BERHAD (AM),516816,Warrants,Health Care
HARTA-C17: CW HARTALEGA HOLDINGS BERHAD (RHB),516817,Warrants,Health Care
HARTA-C18: CW HARTALEGA HOLDINGS BERHAD (CIMB),516818,Warrants,Health Care
HARTA-C19: CW HARTALEGA HOLDINGS BERHAD (RHB),516819,Warrants,Health Care
HARTA-C20: CW HARTALEGA HOLDINGS BERHAD (MACQ),516820,Warrants,Health Care
HARTA-C21: CW HARTALEGA HOLDINGS BERHAD (KIBB),516821,Warrants,Health Care
HARTA-C22: CW HARTALEGA HOLDINGS BERHAD (CIMB),516822,Warrants,Health Care
IHH-C10: CW IHH HEALTHCARE BERHAD (MACQ),522510,Warrants,Health Care
IHH-C7: CW IHH HEALTHCARE BERHAD (CIMB),5225C7,Warrants,Health Care
IHH-C8: CW IHH HEALTHCARE BERHAD (AM),5225C8,Warrants,Health Care
IHH-C9: CW IHH HEALTHCARE BERHAD (RHB),5225C9,Warrants,Health Care
KOSSAN-CY: CW KOSSAN RUBBER INDUSTRIES BERHAD (RHB),7153CY,Warrants,Health Care
KOSSAN-CZ: CW KOSSAN RUBBER INDUSTRIES BERHAD (RHB),7153CZ,Warrants,Health Care
KPJ-CR: CW KPJ HEALTHCARE BERHAD (RHB),5878CR,Warrants,Health Care
KPJ-CS: CW KPJ HEALTHCARE BERHAD (CIMB),5878CS,Warrants,Health Care
SUPERMX-C48: CW SUPERMAX CORPORATION BERHAD (CIMB),710648,Warrants,Health Care
SUPERMX-C50: CW SUPERMAX CORPORATION BERHAD (MACQ),710650,Warrants,Health Care
SUPERMX-C52: CW SUPERMAX CORPORATION BERHAD (MACQ),710652,Warrants,Health Care
SUPERMX-C53: CW SUPERMAX CORPORATION BERHAD (MACQ),710653,Warrants,Health Care
SUPERMX-C54: CW SUPERMAX CORPORATION BERHAD (MIBB),710654,Warrants,Health Care
SUPERMX-C55: CW SUPERMAX CORPORATION BERHAD (CIMB),710655,Warrants,Health Care
SUPERMX-C56: CW SUPERMAX CORPORATION BERHAD (RHB),710656,Warrants,Health Care
SUPERMX-C57: CW SUPERMAX CORPORATION BERHAD (MACQ),710657,Warrants,Health Care
SUPERMX-C58: CW SUPERMAX CORPORATION BERHAD (KIBB),710658,Warrants,Health Care
SUPERMX-C59: CW SUPERMAX CORPORATION BERHAD (CIMB),710659,Warrants,Health Care
SUPERMX-C60: CW SUPERMAX CORPORATION BERHAD (RHB),710660,Warrants,Health Care
SUPERMX-C61: CW SUPERMAX CORPORATION BERHAD (AM),710661,Warrants,Health Care
SUPERMX-C62: CW SUPERMAX CORPORATION BERHAD (MACQ),710662,Warrants,Health Care
SUPERMX-C63: CW SUPERMAX CORPORATION BERHAD (KIBB),710663,Warrants,Health Care
SUPERMX-C64: CW SUPERMAX CORPORATION BERHAD (AM),710664,Warrants,Health Care
SUPERMX-C65: CW SUPERMAX CORPORATION BERHAD (RHB),710665,Warrants,Health Care
SUPERMX-C66: CW SUPERMAX CORPORATION BERHAD (CIMB),710666,Warrants,Health Care
TOPGLOV-C33: CW TOP GLOVE CORPORATION BERHAD (CIMB),711333,Warrants,Health Care
TOPGLOV-C40: CW TOP GLOVE CORPORATION BERHAD (RHB),711340,Warrants,Health Care
TOPGLOV-C41: CW TOP GLOVE CORPORATION BHD (CIMB),711341,Warrants,Health Care
TOPGLOV-C42: CW TOP GLOVE CORPORATION BERHAD (MACQ),711342,Warrants,Health Care
TOPGLOV-C43: CW TOP GLOVE CORPORATION BERHAD (KIBB),711343,Warrants,Health Care
TOPGLOV-C44: CW TOP GLOVE CORPORATION BERHAD (MACQ),711344,Warrants,Health Care
TOPGLOV-C45: CW TOP GLOVE CORPORATION BERHAD (MIBB),711345,Warrants,Health Care
TOPGLOV-C46: CW TOP GLOVE CORPORATION BERHAD (MACQ),711346,Warrants,Health Care
TOPGLOV-C47: CW TOP GLOVE CORPORATION BERHAD (RHB),711347,Warrants,Health Care
TOPGLOV-C48: CW TOP GLOVE CORPORATION BERHAD (CIMB),711348,Warrants,Health Care
TOPGLOV-C49: CW TOP GLOVE CORPORATION BERHAD (KIBB),711349,Warrants,Health Care
TOPGLOV-C50: CW TOP GLOVE CORPORATION BERHAD (AM),711350,Warrants,Health Care
ARMADA-C40: CW BUMI ARMADA BERHAD (CIMB),521040,Warrants,Energy
ARMADA-C43: CW BUMI ARMADA BERHAD (MIBB),521043,Warrants,Energy
ARMADA-C45: CW BUMI ARMADA BERHAD (KIBB),521045,Warrants,Energy
ARMADA-C46: CW BUMI ARMADA BERHAD (MIBB),521046,Warrants,Energy
ARMADA-C47: CW BUMI ARMADA BERHAD (MACQ),521047,Warrants,Energy
ARMADA-C48: CW BUMI ARMADA BERHAD (RHB),521048,Warrants,Energy
ARMADA-C49: CW BUMI ARMADA BERHAD (KIBB),521049,Warrants,Energy
ARMADA-C50: CW BUMI ARMADA BERHAD (MACQ),521050,Warrants,Energy
DIALOG-C33: CW DIALOG GROUP BERHAD (CIMB),727733,Warrants,Energy
DIALOG-C35: CW DIALOG GROUP BERHAD (MACQ),727735,Warrants,Energy
DIALOG-C36: CW DIALOG GROUP BERHAD (MIBB),727736,Warrants,Energy
DIALOG-C37: CW DIALOG GROUP BERHAD (CIMB),727737,Warrants,Energy
DIALOG-C38: CW DIALOG GROUP BERHAD (RHB),727738,Warrants,Energy
DIALOG-C39: CW DIALOG GROUP BERHAD (KIBB),727739,Warrants,Energy
DIALOG-C40: CW DIALOG GROUP BERHAD (MACQ),727740,Warrants,Energy
DIALOG-C41: CW DIALOG GROUP BERHAD (RHB),727741,Warrants,Energy
DIALOG-C42: CW DIALOG GROUP BERHAD (KIBB),727742,Warrants,Energy
DIALOG-C43: CW DIALOG GROUP BERHAD (AM),727743,Warrants,Energy
DIALOG-C44: CW DIALOG GROUP BERHAD (CIMB),727744,Warrants,Energy
HENGYUAN-C1: CW HENGYUAN REFINING COMPANY BERHAD (RHB),4324C1,Warrants,Energy
HENGYUAN-C2: CW HENGYUAN REFINING COMPANY BERHAD (MACQ),4324C2,Warrants,Energy
HENGYUAN-C4: CW HENGYUAN REFINING COMPANY BERHAD (KIBB),4324C4,Warrants,Energy
HENGYUAN-C5: CW HENGYUAN REFINING COMPANY BERHAD (MIBB),4324C5,Warrants,Energy
HENGYUAN-C6: CW HENGYUAN REFINING COMPANY BERHAD (RHB),4324C6,Warrants,Energy
HENGYUAN-C7: CW HENGYUAN REFINING COMPANY BERHAD (MIBB),4324C7,Warrants,Energy
HENGYUAN-C8: CW HENGYUAN REFINING COMPANY BERHAD (MACQ),4324C8,Warrants,Energy
HENGYUAN-CZ: CW HENGYUAN REFINING COMPANY BERHAD (MIBB),4324CZ,Warrants,Energy
HIBISCS-CM: CW HIBISCUS PETROLEUM BERHAD (MIBB),5199CM,Warrants,Energy
HIBISCS-CN: CW HIBISCUS PETROLEUM BERHAD (RHB),5199CN,Warrants,Energy
HIBISCS-CO: CW HIBISCUS PETROLEUM BERHAD (RHB),5199CO,Warrants,Energy
HIBISCS-CP: CW HIBISCUS PETROLEUM BERHAD (AM),5199CP,Warrants,Energy
HIBISCS-CQ: CW HIBISCUS PETROLEUM BERHAD (RHB),5199CQ,Warrants,Energy
HIBISCS-CR: CW HIBISCUS PETROLEUM BERHAD (KIBB),5199CR,Warrants,Energy
HIBISCS-CS: CW HIBISCUS PETROLEUM BERHAD (MIBB),5199CS,Warrants,Energy
HIBISCS-CT: CW HIBISCUS PETROLEUM BERHAD (MIBB),5199CT,Warrants,Energy
HIBISCS-CU: CW HIBISCUS PETROLEUM BERHAD (KIBB),5199CU,Warrants,Energy
HIBISCS-CV: CW HIBISCUS PETROLEUM BERHAD (AM),5199CV,Warrants,Energy
HIBISCS-CW: CW HIBISCUS PETROLEUM BERHAD (CIMB),5199CW,Warrants,Energy
MHB-C13: CW MALAYSIA MARINE AND HEAVY ENGINEERING HOLDINGS BERHAD (MACQ),518613,Warrants,Energy
PETRONM-CS: CW PETRON MALAYSIA REFINING & MARKETING BERHAD (MIBB),3042CS,Warrants,Energy
SAPNRGC68: CW SAPURA ENERGY BERHAD (RHB),521868,Warrants,Energy
SAPNRGC69: CW SAPURA ENERGY BERHAD (MACQ),521869,Warrants,Energy
SAPNRGC70: CW SAPURA ENERGY BERHAD (MIBB),521870,Warrants,Energy
SAPNRGC71: CW SAPURA ENERGY BERHAD (KIBB),521871,Warrants,Energy
SAPNRGC72: CW SAPURA ENERGY BERHAD (MACQ),521872,Warrants,Energy
SAPNRGC73: CW SAPURA ENERGY BERHAD (MACQ),521873,Warrants,Energy
SAPNRGC74: CW SAPURA ENERGY BERHAD (KIBB),521874,Warrants,Energy
SAPNRGC75: CW SAPURA ENERGY BERHAD (KIBB),521875,Warrants,Energy
SAPNRGC76: CW SAPURA ENERGY BERHAD (MACQ),521876,Warrants,Energy
SERBADK-CN: CW SERBA DINAMIK HOLDINGS BERHAD (MACQ),5279CN,Warrants,Energy
SERBADK-CP: CW SERBA DINAMIK HOLDINGS BERHAD (KIBB),5279CP,Warrants,Energy
SERBADK-CQ: CW SERBA DINAMIK HOLDINGS BERHAD (RHB),5279CQ,Warrants,Energy
SERBADK-CR: CW SERBA DINAMIK HOLDINGS BERHAD (MIBB),5279CR,Warrants,Energy
SERBADK-CS: CW SERBA DINAMIK HOLDINGS BERHAD (AM),5279CS,Warrants,Energy
VELESTO-C24: CW VELESTO ENERGY BERHAD (RHB),524324,Warrants,Energy
VELESTO-C25: CW VELESTO ENERGY BERHAD (KIBB),524325,Warrants,Energy
VELESTO-C26: CW VELESTO ENERGY BERHAD (MIBB),524326,Warrants,Energy
VELESTO-C27: CW VELESTO ENERGY BERHAD (KIBB),524327,Warrants,Energy
YINSON-CT: CW YINSON HOLDINGS BERHAD (CIMB),7293CT,Warrants,Energy
YINSON-CV: CW YINSON HOLDINGS BERHAD (RHB),7293CV,Warrants,Energy
YINSON-CW: CW YINSON HOLDINGS BERHAD (CIMB),7293CW,Warrants,Energy
AAX-C20: CW AIRASIA X BERHAD (RHB),523820,Warrants,Consumer Products & Services
AAX-C21: CW AIRASIA X BERHAD (MACQ),523821,Warrants,Consumer Products & Services
AEON-CO: CW AEON CO. (M) BERHAD (CIMB),6599CO,Warrants,Consumer Products & Services
AEON-CP: CW AEON CO (M) BERHAD (RHB),6599CP,Warrants,Consumer Products & Services
AEON-CQ: CW AEON CO. (M) BERHAD (KIBB),6599CQ,Warrants,Consumer Products & Services
AIRASIAC59: CW AIRASIA GROUP BERHAD (MACQ),509959,Warrants,Consumer Products & Services
AIRASIAC67: CW AIRASIA GROUP BERHAD (CIMB),509967,Warrants,Consumer Products & Services
AIRASIAC68: CW AIRASIA GROUP BERHAD (MACQ),509968,Warrants,Consumer Products & Services
AIRASIAC69: CW AIRASIA GROUP BERHAD (MACQ),509969,Warrants,Consumer Products & Services
AIRASIAC70: CW AIRASIA GROUP BERHAD (AM),509970,Warrants,Consumer Products & Services
AIRASIAC71: CW AIRASIA GROUP BERHAD (CIMB),509971,Warrants,Consumer Products & Services
AIRASIAC72: CW AIRASIA GROUP BERHAD (MACQ),509972,Warrants,Consumer Products & Services
AIRASIAC73: CW AIRASIA GROUP BERHAD (KIBB),509973,Warrants,Consumer Products & Services
AIRASIAC74: CW AIRASIA GROUP BERHAD (MACQ),509974,Warrants,Consumer Products & Services
AIRASIAC75: CW AIRASIA GROUP BERHAD (AM),509975,Warrants,Consumer Products & Services
AIRASIAC76: CW AIRASIA GROUP BERHAD (MIBB),509976,Warrants,Consumer Products & Services
AIRASIAC77: CW AIRASIA GROUP BERHAD (MACQ),509977,Warrants,Consumer Products & Services
AIRASIAC78: CW AIRASIA GROUP BERHAD (KIBB),509978,Warrants,Consumer Products & Services
AIRASIAC79: CW AIRASIA GROUP BERHAD (CIMB),509979,Warrants,Consumer Products & Services
AIRASIAC80: CW AIRASIA GROUP BERHAD (KIBB),509980,Warrants,Consumer Products & Services
BAT-CM: CW BRITISH AMERICAN TOBACCO (MALAYSIA) BERHAD (CIMB),4162CM,Warrants,Consumer Products & Services
BAT-CN: CW BRITISH AMERICAN TOBACCO (MALAYSIA) BERHAD (RHB),4162CN,Warrants,Consumer Products & Services
BAT-CO: CW BRITISH AMERICAN TOBACCO (MALAYSIA) BERHAD (CIMB),4162CO,Warrants,Consumer Products & Services
BAUTO-C1: CW BERMAZ AUTO BERHAD (MACQ),5248C1,Warrants,Consumer Products & Services
BAUTO-CY: CW BERMAZ AUTO BERHAD (KIBB),5248CY,Warrants,Consumer Products & Services
BAUTO-CZ: CW BERMAZ AUTO BERHAD (RHB),5248CZ,Warrants,Consumer Products & Services
BJTOTO-CX: CW BERJAYA SPORTS TOTO BERHAD (RHB),1562CX,Warrants,Consumer Products & Services
DRBHCOMC60: CW DRB-HICOM BERHAD (CIMB),161960,Warrants,Consumer Products & Services
DRBHCOMC62: CW DRB-HICOM BERHAD (MACQ),161962,Warrants,Consumer Products & Services
DRBHCOMC63: CW DRB-HICOM BERHAD (RHB),161963,Warrants,Consumer Products & Services
DRBHCOMC64: CW DRB-HICOM BERHAD (CIMB),161964,Warrants,Consumer Products & Services
DRBHCOMC66: CW DRB-HICOM BERHAD (MACQ),161966,Warrants,Consumer Products & Services
DRBHCOMC67: CW DRB-HICOM BERHAD (KIBB),161967,Warrants,Consumer Products & Services
DRBHCOMC68: CW DRB-HICOM BERHAD (MACQ),161968,Warrants,Consumer Products & Services
DRBHCOMC69: CW DRB-HICOM BERHAD (RHB),161969,Warrants,Consumer Products & Services
DRBHCOMC70: CW DRB-HICOM BERHAD (CIMB),161970,Warrants,Consumer Products & Services
DRBHCOMC71: CW DRB-HICOM BERHAD (MIBB),161971,Warrants,Consumer Products & Services
DRBHCOMC72: CW DRB-HICOM BERHAD (KIBB),161972,Warrants,Consumer Products & Services
DRBHCOMC73: CW DRB-HICOM BERHAD (AM),161973,Warrants,Consumer Products & Services
DRBHCOMC74: CW DRB-HICOM BERHAD (MACQ),161974,Warrants,Consumer Products & Services
DRBHCOMC75: CW DRB-HICOM BERHAD (CIMB),161975,Warrants,Consumer Products & Services
GCB-CA: CW GUAN CHONG BERHAD (RHB),5102CA,Warrants,Consumer Products & Services
GCB-CB: CW GUAN CHONG BERHAD (RHB),5102CB,Warrants,Consumer Products & Services
GCB-CC: CW GUAN CHONG BERHAD (MIBB),5102CC,Warrants,Consumer Products & Services
GCB-CD: CW GUAN CHONG BERHAD (MACQ),5102CD,Warrants,Consumer Products & Services
GENM-C38: CW GENTING MALAYSIA BERHAD (RHB),471538,Warrants,Consumer Products & Services
GENM-C40: CW GENTING MALAYSIA BERHAD (KIBB),471540,Warrants,Consumer Products & Services
GENM-C41: CW GENTING MALAYSIA BERHAD (CIMB),471541,Warrants,Consumer Products & Services
GENM-C42: CW GENTING MALAYSIA BERHAD (MACQ),471542,Warrants,Consumer Products & Services
GENM-C43: CW GENTING MALAYSIA BERHAD (RHB),471543,Warrants,Consumer Products & Services
GENM-C44: CW GENTING MALAYSIA BERHAD (KIBB),471544,Warrants,Consumer Products & Services
GENM-C45: CW GENTING MALAYSIA BERHAD (AM),471545,Warrants,Consumer Products & Services
GENM-C46: CW GENTING MALAYSIA BERHAD (MACQ),471546,Warrants,Consumer Products & Services
GENM-C47: CW GENTING MALAYSIA BERHAD (RHB),471547,Warrants,Consumer Products & Services
GENM-C48: CW GENTING MALAYSIA BERHAD (KIBB),471548,Warrants,Consumer Products & Services
GENM-C49: CW GENTING MALAYSIA BERHAD (MACQ),471549,Warrants,Consumer Products & Services
GENM-C50: CW GENTING MALAYSIA BERHAD (CIMB),471550,Warrants,Consumer Products & Services
GENM-C51: CW GENTING MALAYSIA BERHAD (MIBB),471551,Warrants,Consumer Products & Services
GENM-C52: CW GENTING MALAYSIA BERHAD (KIBB),471552,Warrants,Consumer Products & Services
GENM-C53: CW GENTING MALAYSIA BERHAD (AM),471553,Warrants,Consumer Products & Services
GENM-C54: CW GENTING MALAYSIA BERHAD (CIMB),471554,Warrants,Consumer Products & Services
GENM-C55: CW GENTING MALAYSIA BERHAD (MACQ),471555,Warrants,Consumer Products & Services
GENTINGC51: CW GENTING BERHAD (CIMB),318251,Warrants,Consumer Products & Services
GENTINGC55: CW GENTING BERHAD (RHB),318255,Warrants,Consumer Products & Services
GENTINGC56: CW GENTING BERHAD (MACQ),318256,Warrants,Consumer Products & Services
GENTINGC57: CW GENTING BERHAD (MACQ),318257,Warrants,Consumer Products & Services
GENTINGC58: CW GENTING BERHAD (CIMB),318258,Warrants,Consumer Products & Services
GENTINGC59: CW GENTING BERHAD (RHB),318259,Warrants,Consumer Products & Services
GENTINGC60: CW GENTING BERHAD (KIBB),318260,Warrants,Consumer Products & Services
GENTINGC61: CW GENTING BERHAD (AM),318261,Warrants,Consumer Products & Services
GENTINGC62: CW GENTING BERHAD (MACQ),318262,Warrants,Consumer Products & Services
GENTINGC63: CW GENTING BERHAD (MIBB),318263,Warrants,Consumer Products & Services
GENTINGC64: CW GENTING BERHAD (KIBB),318264,Warrants,Consumer Products & Services
HAIO-CG: CW HAI-O ENTERPRISE BERHAD (MACQ),7668CG,Warrants,Consumer Products & Services
NESTLE-CE: CW NESTLE (MALAYSIA) BERHAD (CIMB),4707CE,Warrants,Consumer Products & Services
PADINI-CV: CW PADINI HOLDINGS BERHAD (RHB),7052CV,Warrants,Consumer Products & Services
PADINI-CW: CW PADINI HOLDINGS BERHAD (MACQ),7052CW,Warrants,Consumer Products & Services
PADINI-CX: CW PADINI HOLDINGS BERHAD (RHB),7052CX,Warrants,Consumer Products & Services
PADINI-CY: CW PADINI HOLDINGS BERHAD (MACQ),7052CY,Warrants,Consumer Products & Services
PADINI-CZ: CW PADINI HOLDINGS BERHAD (MIBB),7052CZ,Warrants,Consumer Products & Services
PETDAG-CW: CW PETRONAS DAGANGAN BERHAD (RHB),5681CW,Warrants,Consumer Products & Services
PETDAG-CX: CW PETRONAS DAGANGAN BERHAD (CIMB),5681CX,Warrants,Consumer Products & Services
PPB-CJ: CW PPB GROUP BERHAD (RHB),4065CJ,Warrants,Consumer Products & Services
QL-CL: CW QL RESOURCES BERHAD (RHB),7084CL,Warrants,Consumer Products & Services
QL-CM: CW QL RESOURCES BERHAD (MACQ),7084CM,Warrants,Consumer Products & Services
QL-CN: CW QL RESOURCES BERHAD (CIMB),7084CN,Warrants,Consumer Products & Services
QL-CO: CW QL RESOURCES BERHAD (MIBB),7084CO,Warrants,Consumer Products & Services
SIME-C25: CW SIME DARBY BERHAD (MIBB),419725,Warrants,Consumer Products & Services
SIME-C27: CW SIME DARBY BERHAD (CIMB),419727,Warrants,Consumer Products & Services
SIME-C28: CW SIME DARBY BERHAD (RHB),419728,Warrants,Consumer Products & Services
SIME-C29: CW SIME DARBY BERHAD (MACQ),419729,Warrants,Consumer Products & Services
SIME-C30: CW SIME DARBY BERHAD (MACQ),419730,Warrants,Consumer Products & Services
SIME-C31: CW SIME DARBY BERHAD (KIBB),419731,Warrants,Consumer Products & Services
SIME-C32: CW SIME DARBY BERHAD (MIBB),419732,Warrants,Consumer Products & Services
SIME-C33: CW SIME DARBY BERHAD (CIMB),419733,Warrants,Consumer Products & Services
UMW-C11: CW UMW HOLDINGS BERHAD (CIMB),458811,Warrants,Consumer Products & Services
UMW-C12: CW UMW HOLDINGS BERHAD (RHB),458812,Warrants,Consumer Products & Services
UMW-C13: CW UMW HOLDINGS BERHAD (CIMB),458813,Warrants,Consumer Products & Services
UMW-C14: CW UMW HOLDINGS BERHAD (KIBB),458814,Warrants,Consumer Products & Services
UMW-C15: CW UMW HOLDINGS BERHAD (MACQ),458815,Warrants,Consumer Products & Services
UMW-C16: CW UMW HOLDINGS BERHAD (RHB),458816,Warrants,Consumer Products & Services
UMW-C17: CW UMW HOLDINGS BERHAD (MACQ),458817,Warrants,Consumer Products & Services
UMW-C9: CW UMW HOLDINGS BERHAD (RHB),4588C9,Warrants,Consumer Products & Services
BJTOTO-CW: CW BERJAYA SPORTS TOTO BERHAD (MACQ),1562CW,Warrants,Property
E&O-C13: CW EASTERN & ORIENTAL BERHAD (MACQ),341713,Warrants,Property
ECOWLD-CQ: CW ECO WORLD DEVELOPMENT GROUP BERHAD (MIBB),8206CQ,Warrants,Property
ECOWLD-CS: CW ECO WORLD DEVELOPMENT GROUP BERHAD (MACQ),8206CS,Warrants,Property
ECOWLD-CT: CW ECO WORLD DEVELOPMENT GROUP BERHAD (KIBB),8206CT,Warrants,Property
IOIPG-CV: CW IOI PROPERTIES GROUP BERHAD (RHB),5249CV,Warrants,Property
MAHSING-C17: CW MAH SING GROUP BERHAD (MACQ),858317,Warrants,Property
MAHSING-C18: CW MAH SING GROUP BERHAD (RHB),858318,Warrants,Property
MAHSING-C19: CW MAH SING GROUP BERHAD (KIBB),858319,Warrants,Property
MRCB-C34: CW MALAYSIAN RESOURCES CORPORATION BERHAD (MACQ),165134,Warrants,Property
MRCB-C36: CW MALAYSIAN RESOURCES CORPORATION BERHAD (AM),165136,Warrants,Property
MRCB-C37: CW MALAYSIAN RESOURCES CORPORATION BERHAD (MACQ),165137,Warrants,Property
MRCB-C38: CW MALAYSIAN RESOURCES CORPORATION BERHAD (KIBB),165138,Warrants,Property
MRCB-C39: CW MALAYSIAN RESOURCES CORPORATION BERHAD (KIBB),165139,Warrants,Property
MRCB-C40: CW MALAYSIAN RESOURCES CORPORATION BERHAD (MIBB),165140,Warrants,Property
MRCB-C41: CW MALAYSIAN RESOURCES CORPORATION BERHAD (CIMB),165141,Warrants,Property
MRCB-C42: CW MALAYSIAN RESOURCES CORPORATION BERHAD (KIBB),165142,Warrants,Property
MRCB-C43: CW MALAYSIAN RESOURCES CORPORATION BERHAD (MACQ),165143,Warrants,Property
SIMEPROP-CG: CW SIME DARBY PROPERTY BERHAD (MIBB),5288CG,Warrants,Property
SIMEPROP-CH: CW SIME DARBY PROPERTY BERHAD (MACQ),5288CH,Warrants,Property
SIMEPROP-CJ: CW SIME DARBY PROPERTY BERHAD (CIMB),5288CJ,Warrants,Property
SIMEPROP-CK: CW SIME DARBY PROPERTY BERHAD (RHB),5288CK,Warrants,Property
SIMEPROP-CL: CW SIME DARBY PROPERTY BERHAD (KIBB),5288CL,Warrants,Property
SPSETIA-C10: CW S P SETIA BERHAD (CIMB),866410,Warrants,Property
SPSETIA-C11: CW S P SETIA BERHAD (RHB),866411,Warrants,Property
SPSETIA-C12: CW S P SETIA BERHAD (KIBB),866412,Warrants,Property
SPSETIA-C13: CW S P SETIA BERHAD (MACQ),866413,Warrants,Property
SPSETIA-C14: CW S P SETIA BERHAD (CIMB),866414,Warrants,Property
SPSETIA-C15: CW S P SETIA BERHAD (RHB),866415,Warrants,Property
SPSETIA-C16: CW S P SETIA BERHAD (MIBB),866416,Warrants,Property
SPSETIA-C9: CW SP SETIA BERHAD (RHB),8664C9,Warrants,Property
UEMS-C64: CW UEM SUNRISE BERHAD (MIBB),514864,Warrants,Property
UEMS-C65: CW UEM SUNRISE BERHAD (MACQ),514865,Warrants,Property
UEMS-C66: CW UEM SUNRISE BERHAD (KIBB),514866,Warrants,Property
ABMB-CY: CW ALLIANCE BANK MALAYSIA BERHAD (MIBB),2488CY,Warrants,Financial Services
AMBANK-C10: CW AMMB HOLDINGS BERHAD (CIMB),101510,Warrants,Financial Services
AMBANK-C11: CW AMMB HOLDINGS BERHAD (MIBB),101511,Warrants,Financial Services
AMBANK-C12: CW AMMB HOLDINGS BERHAD (RHB),101512,Warrants,Financial Services
AMBANK-C13: CW AMMB HOLDINGS BERHAD (MACQ),101513,Warrants,Financial Services
BURSA-C20: CW BURSA MALAYSIA BERHAD (MACQ),181820,Warrants,Financial Services
BURSA-C21: CW BURSA MALAYSIA BERHAD (RHB),181821,Warrants,Financial Services
BURSA-C22: CW BURSA MALAYSIA BERHAD (MACQ),181822,Warrants,Financial Services
BURSA-C23: CW BURSA MALAYSIA BERHAD (CIMB),181823,Warrants,Financial Services
CIMB-C40: CW CIMB GROUP HOLDINGS BERHAD (MACQ),102340,Warrants,Financial Services
CIMB-C41: CW CIMB GROUP HOLDINGS BERHAD (MIBB),102341,Warrants,Financial Services
CIMB-C42: CW CIMB GROUP HOLDINGS BERHAD (MIBB),102342,Warrants,Financial Services
CIMB-C43: CW CIMB GROUP HOLDINGS BERHAD (MACQ),102343,Warrants,Financial Services
CIMB-C44: CW CIMB GROUP HOLDINGS BERHAD (KIBB),102344,Warrants,Financial Services
CIMB-C45: CW CIMB GROUP HOLDINGS BERHAD (MACQ),102345,Warrants,Financial Services
CIMB-C46: CW CIMB GROUP HOLDINGS BERHAD (RHB),102346,Warrants,Financial Services
CIMB-C47: CW CIMB GROUP HOLDINGS BERHAD (AM),102347,Warrants,Financial Services
HLBANK-CN: CW HONG LEONG BANK BERHAD (CIMB),5819CN,Warrants,Financial Services
HLBANK-CO: CW HONG LEONG BANK BERHAD (RHB),5819CO,Warrants,Financial Services
MAYBANKC43: CW MALAYAN BANKING BERHAD (CIMB),115543,Warrants,Financial Services
MAYBANKC44: CW MALAYAN BANKING BERHAD (MACQ),115544,Warrants,Financial Services
MAYBANKC46: CW MALAYAN BANKING BERHAD (CIMB),115546,Warrants,Financial Services
MAYBANKC47: CW MALAYAN BANKING BERHAD (RHB),115547,Warrants,Financial Services
MAYBANKC48: CW MALAYAN BANKING BERHAD (MACQ),115548,Warrants,Financial Services
MAYBANKC49: CW MALAYAN BANKING BERHAD (MACQ),115549,Warrants,Financial Services
MAYBANKC50: CW MALAYAN BANKING BERHAD (RHB),115550,Warrants,Financial Services
MAYBANKC51: CW MALAYAN BANKING BERHAD (KIBB),115551,Warrants,Financial Services
MAYBANKC52: CW MALAYAN BANKING BERHAD (CIMB),115552,Warrants,Financial Services
MAYBANKC53: CW MALAYAN BANKING BERHAD (AM),115553,Warrants,Financial Services
MBSB-C15: CW MALAYSIA BUILDING SOCIETY BERHAD (CIMB),117115,Warrants,Financial Services
MBSB-C16: CW MALAYSIA BUILDING SOCIETY BERHAD (MIBB),117116,Warrants,Financial Services
MBSB-C17: CW MALAYSIA BUILDING SOCIETY BERHAD (CIMB),117117,Warrants,Financial Services
MBSB-C18: CW MALAYSIA BUILDING SOCIETY BERHAD (MACQ),117118,Warrants,Financial Services
MBSB-C19: CW MALAYSIA BUILDING SOCIETY BERHAD (KIBB),117119,Warrants,Financial Services
MBSB-C20: CW MALAYSIA BUILDING SOCIETY BERHAD (MACQ),117120,Warrants,Financial Services
MBSB-C21: CW MALAYSIA BUILDING SOCIETY BERHAD (CIMB),117121,Warrants,Financial Services
PBBANK-C26: CW PUBLIC BANK BERHAD (MACQ),129526,Warrants,Financial Services
PBBANK-C27: CW PUBLIC BANK BERHAD (CIMB),129527,Warrants,Financial Services
PBBANK-C28: CW PUBLIC BANK BERHAD (MIBB),129528,Warrants,Financial Services
PBBANK-C29: CW PUBLIC BANK BERHAD (KIBB),129529,Warrants,Financial Services
PBBANK-C30: CW PUBLIC BANK BERHAD (RHB),129530,Warrants,Financial Services
PBBANK-C31: CW PUBLIC BANK BERHAD (MACQ),129531,Warrants,Financial Services
RHBBANKC10: CW RHB BANK BERHAD (MIBB),106610,Warrants,Financial Services
RHBBANKC11: CW RHB BANK BERHAD (AM),106611,Warrants,Financial Services
RHBBANKC12: CW RHB BANK BERHAD (MACQ),106612,Warrants,Financial Services
RHBBANKC13: CW RHB BANK BERHAD (CIMB),106613,Warrants,Financial Services
TAKAFUL-CC: CW SYARIKAT TAKAFUL MALAYSIA KELUARGA BERHAD (CIMB),6139CC,Warrants,Financial Services
TAKAFUL-CD: CW SYARIKAT TAKAFUL MALAYSIA KELUARGA BERHAD (MIBB),6139CD,Warrants,Financial Services
ASTRO-C10: CW ASTRO MALAYSIA HOLDINGS BERHAD (RHB),639910,Warrants,Telecommunications & Media
ASTRO-C11: CW ASTRO MALAYSIA HOLDINGS BERHAD (KIBB),639911,Warrants,Telecommunications & Media
ASTRO-C12: CW ASTRO MALAYSIA HOLDINGS BERHAD (MACQ),639912,Warrants,Telecommunications & Media
ASTRO-C13: CW ASTRO MALAYSIA HOLDINGS BERHAD (MIBB),639913,Warrants,Telecommunications & Media
ASTRO-C14: CW ASTRO MALAYSIA HOLDINGS BERHAD (CIMB),639914,Warrants,Telecommunications & Media
AXIATA-C28: CW AXIATA GROUP BERHAD (CIMB),688828,Warrants,Telecommunications & Media
AXIATA-C30: CW AXIATA GROUP BERHAD (MIBB),688830,Warrants,Telecommunications & Media
AXIATA-C31: CW AXIATA GROUP BERHAD (AM),688831,Warrants,Telecommunications & Media
AXIATA-C32: CW AXIATA GROUP BERHAD (RHB),688832,Warrants,Telecommunications & Media
AXIATA-C33: CW AXIATA GROUP BERHAD (MACQ),688833,Warrants,Telecommunications & Media
AXIATA-C34: CW AXIATA GROUP BERHAD (CIMB),688834,Warrants,Telecommunications & Media
AXIATA-C35: CW AXIATA GROUP BERHAD (KIBB),688835,Warrants,Telecommunications & Media
AXIATA-C36: CW AXIATA GROUP BERHAD (RHB),688836,Warrants,Telecommunications & Media
AXIATA-C37: CW AXIATA GROUP BERHAD (CIMB),688837,Warrants,Telecommunications & Media
DIGI-C24: CW DIGI.COM BERHAD (CIMB),694724,Warrants,Telecommunications & Media
DIGI-C25: CW DIGI.COM BERHAD (MIBB),694725,Warrants,Telecommunications & Media
DIGI-C26: CW DIGI.COM BERHAD (RHB),694726,Warrants,Telecommunications & Media
DIGI-C27: CW DIGI.COM BERHAD (KIBB),694727,Warrants,Telecommunications & Media
DIGI-C28: CW DIGI.COM BERHAD (MACQ),694728,Warrants,Telecommunications & Media
MAXIS-C10: CW MAXIS BERHAD (CIMB),601210,Warrants,Telecommunications & Media
MAXIS-C8: CW MAXIS BERHAD (MIBB),6012C8,Warrants,Telecommunications & Media
MAXIS-C9: CW MAXIS BERHAD (KIBB),6012C9,Warrants,Telecommunications & Media
TM-C27: CW TELEKOM MALAYSIA BERHAD (MACQ),486327,Warrants,Telecommunications & Media
TM-C28: CW TELEKOM MALAYSIA BERHAD (CIMB),486328,Warrants,Telecommunications & Media
TM-C30: CW TELEKOM MALAYSIA BERHAD (MIBB),486330,Warrants,Telecommunications & Media
TM-C31: CW TELEKOM MALAYSIA BERHAD (MIBB),486331,Warrants,Telecommunications & Media
TM-C32: CW TELEKOM MALAYSIA BERHAD (MACQ),486332,Warrants,Telecommunications & Media
TM-C33: CW TELEKOM MALAYSIA BERHAD (MIBB),486333,Warrants,Telecommunications & Media
TM-C34: CW TELEKOM MALAYSIA BERHAD (CIMB),486334,Warrants,Telecommunications & Media
TM-C35: CW TELEKOM MALAYSIA BERHAD (MACQ),486335,Warrants,Telecommunications & Media
TM-C36: CW TELEKOM MALAYSIA BERHAD (MACQ),486336,Warrants,Telecommunications & Media
TM-C37: CW TELEKOM MALAYSIA BERHAD (CIMB),486337,Warrants,Telecommunications & Media
TM-C38: CW TELEKOM MALAYSIA BERHAD (KIBB),486338,Warrants,Telecommunications & Media
TM-C39: CW TELEKOM MALAYSIA BERHAD (MACQ),486339,Warrants,Telecommunications & Media
TM-C40: CW TELEKOM MALAYSIA BERHAD (RHB),486340,Warrants,Telecommunications & Media
TM-C41: CW TELEKOM MALAYSIA BERHAD (MACQ),486341,Warrants,Telecommunications & Media
AIRPORT-C2: CW MALAYSIA AIRPORTS HOLDINGS BERHAD (RHB),5014C2,Warrants,Transportation & Logistics
AIRPORT-C4: CW MALAYSIA AIRPORTS HOLDINGS BERHAD (CIMB),5014C4,Warrants,Transportation & Logistics
AIRPORT-C5: CW MALAYSIA AIRPORTS HOLDINGS BERHAD (MACQ),5014C5,Warrants,Transportation & Logistics
AIRPORT-C6: CW MALAYSIA AIRPORTS HOLDINGS BERHAD (RHB),5014C6,Warrants,Transportation & Logistics
AIRPORT-C7: CW MALAYSIA AIRPORTS HOLDINGS BERHAD (KIBB),5014C7,Warrants,Transportation & Logistics
MISC-C19: CW MISC BERHAD (CIMB),381619,Warrants,Transportation & Logistics
MISC-C20: CW MISC BERHAD (MACQ),381620,Warrants,Transportation & Logistics
MISC-C21: CW MISC BERHAD (RHB),381621,Warrants,Transportation & Logistics
MMCCORPC12: CW MMC CORPORATION BERHAD (MACQ),219412,Warrants,Transportation & Logistics
POS-C21: CW POS MALAYSIA BERHAD (MACQ),463421,Warrants,Transportation & Logistics
POS-C22: CW POS MALAYSIA BERHAD (CIMB),463422,Warrants,Transportation & Logistics
POS-C23: CW POS MALAYSIA BERHAD (MIBB),463423,Warrants,Transportation & Logistics
POS-C24: CW POS MALAYSIA BERHAD (AM),463424,Warrants,Transportation & Logistics
POS-C25: CW POS MALAYSIA BERHAD (RHB),463425,Warrants,Transportation & Logistics
POS-C26: CW POS MALAYSIA BERHAD (KIBB),463426,Warrants,Transportation & Logistics
POS-C27: CW POS MALAYSIA BERHAD (CIMB),463427,Warrants,Transportation & Logistics
POS-C28: CW POS MALAYSIA BERHAD (MACQ),463428,Warrants,Transportation & Logistics
POS-C29: CW POS MALAYSIA BERHAD (MACQ),463429,Warrants,Transportation & Logistics
POS-C30: CW POS MALAYSIA BERHAD (RHB),463430,Warrants,Transportation & Logistics
POS-C31: CW POS MALAYSIA BERHAD (MACQ),463431,Warrants,Transportation & Logistics
POS-C32: CW POS MALAYSIA BERHAD (KIBB),463432,Warrants,Transportation & Logistics
POS-C33: CW POS MALAYSIA BERHAD (CIMB),463433,Warrants,Transportation & Logistics
POS-C34: CW POS MALAYSIA BERHAD (MIBB),463434,Warrants,Transportation & Logistics
WPRTS-CX: CW WESTPORTS HOLDINGS BERHAD (RHB),5246CX,Warrants,Transportation & Logistics
WPRTS-CY: CW WESTPORTS HOLDINGS BERHAD (CIMB),5246CY,Warrants,Transportation & Logistics
EKOVEST-CQ: CW EKOVEST BERHAD (RHB),8877CQ,Warrants,Construction
EKOVEST-CS: CW EKOVEST BERHAD (RHB),8877CS,Warrants,Construction
EKOVEST-CT: CW EKOVEST BERHAD (MACQ),8877CT,Warrants,Construction
GAMUDA-C51: CW GAMUDA BERHAD (MIBB),539851,Warrants,Construction
GAMUDA-C53: CW GAMUDA BERHAD (CIMB),539853,Warrants,Construction
GAMUDA-C56: CW GAMUDA BERHAD (MACQ),539856,Warrants,Construction
GAMUDA-C57: CW GAMUDA BERHAD (CIMB),539857,Warrants,Construction
GAMUDA-C58: CW GAMUDA BERHAD (MACQ),539858,Warrants,Construction
GAMUDA-C59: CW GAMUDA BERHAD (CIMB),539859,Warrants,Construction
GAMUDA-C60: CW GAMUDA BERHAD (KIBB),539860,Warrants,Construction
GAMUDA-C61: CW GAMUDA BERHAD (MACQ),539861,Warrants,Construction
GAMUDA-C62: CW GAMUDA BERHAD (AM),539862,Warrants,Construction
GAMUDA-C63: CW GAMUDA BERHAD (MIBB),539863,Warrants,Construction
IJM-C20: CW IJM CORPORATION BERHAD (MIBB),333620,Warrants,Construction
IJM-C21: CW IJM CORPORATION BERHAD (CIMB),333621,Warrants,Construction
IJM-C24: CW IJM CORPORATION BERHAD (KIBB),333624,Warrants,Construction
IJM-C25: CW IJM CORPORATION BERHAD (AM),333625,Warrants,Construction
KERJAYA-CJ: CW KERJAYA PROSPEK GROUP BERHAD (AM),7161CJ,Warrants,Construction
SUNCON-CU: CW SUNWAY CONSTRUCTION GROUP BERHAD (MIBB),5263CU,Warrants,Construction
SUNCON-CV: CW SUNWAY CONSTRUCTION GROUP BERHAD (AM),5263CV,Warrants,Construction
WCT-C14: CW WCT HOLDINGS BERHAD (MACQ),967914,Warrants,Construction
WCT-C15: CW WCT HOLDINGS BERHAD (RHB),967915,Warrants,Construction
WCT-C16: CW WCT HOLDINGS BERHAD (KIBB),967916,Warrants,Construction
BJCORP-C10: CW BERJAYA CORPORATION BERHAD (MACQ),339510,Warrants,Industrial Products & Services
BJCORP-C11: CW BERJAYA CORPORATION BERHAD (RHB),339511,Warrants,Industrial Products & Services
CMSB-C14: CW CAHYA MATA SARAWAK BERHAD (MIBB),285214,Warrants,Industrial Products & Services
CMSB-C15: CW CAHYA MATA SARAWAK BERHAD (RHB),285215,Warrants,Industrial Products & Services
HAPSENG-CX: CW HAP SENG CONSOLIDATED BERHAD (CIMB),3034CX,Warrants,Industrial Products & Services
PCHEM-C22: CW PETRONAS CHEMICALS GROUP BERHAD (RHB),518322,Warrants,Industrial Products & Services
PCHEM-C23: CW PETRONAS CHEMICALS GROUP BERHAD (MACQ),518323,Warrants,Industrial Products & Services
PCHEM-C24: CW PETRONAS CHEMICALS GROUP BERHAD (CIMB),518324,Warrants,Industrial Products & Services
PCHEM-C25: CW PETRONAS CHEMICALS GROUP BERHAD (KIBB),518325,Warrants,Industrial Products & Services
PCHEM-C26: CW PETRONAS CHEMICALS GROUP BERHAD (MACQ),518326,Warrants,Industrial Products & Services
PCHEM-C27: CW PETRONAS CHEMICALS GROUP BERHAD (MIBB),518327,Warrants,Industrial Products & Services
PCHEM-C28: CW PETRONAS CHEMICALS GROUP BERHAD (KIBB),518328,Warrants,Industrial Products & Services
PCHEM-C29: CW PETRONAS CHEMICALS GROUP BERHAD (AM),518329,Warrants,Industrial Products & Services
PCHEM-C30: CW PETRONAS CHEMICALS GROUP BERHAD (RHB),518330,Warrants,Industrial Products & Services
PCHEM-C31: CW PETRONAS CHEMICALS GROUP BERHAD (CIMB),518331,Warrants,Industrial Products & Services
PMETAL-C15: CW PRESS METAL ALUMINIUM HOLDINGS BERHAD (CIMB),886915,Warrants,Industrial Products & Services
PMETAL-C17: CW PRESS METAL ALUMINIUM HOLDINGS BERHAD (MACQ),886917,Warrants,Industrial Products & Services
PMETAL-C18: CW PRESS METAL ALUMINIUM HOLDINGS BERHAD (MIBB),886918,Warrants,Industrial Products & Services
PMETAL-C19: CW PRESS METAL ALUMINIUM HOLDINGS BERHAD (RHB),886919,Warrants,Industrial Products & Services
PMETAL-C20: CW PRESS METAL ALUMINIUM HOLDINGS BERHAD (CIMB),886920,Warrants,Industrial Products & Services
PMETAL-C21: CW PRESS METAL ALUMINIUM HOLDINGS BERHAD (MACQ),886921,Warrants,Industrial Products & Services
PMETAL-C22: CW PRESS METAL ALUMINIUM HOLDINGS BERHAD (AM),886922,Warrants,Industrial Products & Services
PMETAL-C23: CW PRESS METAL ALUMINIUM HOLDINGS BERHAD (MIBB),886923,Warrants,Industrial Products & Services
PMETAL-C24: CW PRESS METAL ALUMINIUM HOLDINGS BERHAD (KIBB),886924,Warrants,Industrial Products & Services
PMETAL-C25: CW PRESS METAL ALUMINIUM HOLDINGS BERHAD (RHB),886925,Warrants,Industrial Products & Services
PMETAL-C26: CW PRESS METAL ALUMINIUM HOLDINGS BERHAD (MACQ),886926,Warrants,Industrial Products & Services
PMETAL-C27: CW PRESS METAL ALUMINIUM HOLDINGS BERHAD (CIMB),886927,Warrants,Industrial Products & Services
SCIENTX-CF: CW SCIENTEX BERHAD (CIMB),4731CF,Warrants,Industrial Products & Services
SKPRES-CN: CW SKP RESOURCES BERHAD (AM),7155CN,Warrants,Industrial Products & Services
SKPRES-CO: CW SKP RESOURCES BERHAD (RHB),7155CO,Warrants,Industrial Products & Services
SKPRES-CP: CW SKP RESOURCES BERHAD (KIBB),7155CP,Warrants,Industrial Products & Services
SKPRES-CQ: CW SKP RESOURCES BERHAD (MIBB),7155CQ,Warrants,Industrial Products & Services
UCHITEC-CE: CW UCHI TECHNOLOGIES BERHAD (RHB),7100CE,Warrants,Industrial Products & Services
UCHITEC-CF: CW UCHI TECHNOLOGIES BERHAD (MIBB),7100CF,Warrants,Industrial Products & Services
VS-C10: CW V.S. INDUSTRY BERHAD (MACQ),696310,Warrants,Industrial Products & Services
VS-C11: CW V.S. INDUSTRY BERHAD (MIBB),696311,Warrants,Industrial Products & Services
VS-C12: CW V.S. INDUSTRY BERHAD (KIBB),696312,Warrants,Industrial Products & Services
VS-C13: CW V.S. INDUSTRY BERHAD (RHB),696313,Warrants,Industrial Products & Services
VS-C14: CW V.S. INDUSTRY BERHAD (MACQ),696314,Warrants,Industrial Products & Services
VS-C5: CW V.S. INDUSTRY BERHAD (MIBB),6963C5,Warrants,Industrial Products & Services
VS-C6: CW V.S. INDUSTRY BERHAD (RHB),6963C6,Warrants,Industrial Products & Services
VS-C7: CW V.S. INDUSTRY BERHAD (KIBB),6963C7,Warrants,Industrial Products & Services
VS-C8: CW V.S. INDUSTRY BERHAD (RHB),6963C8,Warrants,Industrial Products & Services
VS-C9: CW V.S. INDUSTRY BERHAD (KIBB),6963C9,Warrants,Industrial Products & Services
FGV-C55: CW FGV HOLDINGS BERHAD (CIMB),522255,Warrants,Plantation
FGV-C56: CW FGV HOLDINGS BERHAD (MACQ),522256,Warrants,Plantation
FGV-C57: CW FGV HOLDINGS BERHAD (RHB),522257,Warrants,Plantation
FGV-C58: CW FGV HOLDINGS BERHAD (CIMB),522258,Warrants,Plantation
FGV-C59: CW FGV HOLDINGS BERHAD (MACQ),522259,Warrants,Plantation
FGV-C60: CW FGV HOLDINGS BERHAD (KIBB),522260,Warrants,Plantation
FGV-C61: CW FGV HOLDINGS BERHAD (MACQ),522261,Warrants,Plantation
FGV-C62: CW FGV HOLDINGS BERHAD (RHB),522262,Warrants,Plantation
FGV-C63: CW FGV HOLDINGS BERHAD (MACQ),522263,Warrants,Plantation
FGV-C64: CW FGV HOLDINGS BERHAD (RHB),522264,Warrants,Plantation
FGV-C65: CW FGV HOLDINGS BERHAD (KIBB),522265,Warrants,Plantation
FGV-C66: CW FGV HOLDINGS BERHAD (MACQ),522266,Warrants,Plantation
FGV-C67: CW FGV HOLDINGS BERHAD (CIMB),522267,Warrants,Plantation
FGV-C68: CW FGV HOLDINGS BERHAD (MIBB),522268,Warrants,Plantation
FGV-C69: CW FGV HOLDINGS BERHAD (KIBB),522269,Warrants,Plantation
FGV-C70: CW FGV HOLDINGS BERHAD (CIMB),522270,Warrants,Plantation
FGV-C71: CW FGV HOLDINGS BERHAD (KIBB),522271,Warrants,Plantation
FGV-C72: CW FGV HOLDINGS BERHAD (MACQ),522272,Warrants,Plantation
FGV-C73: CW FGV HOLDINGS BERHAD (MACQ),522273,Warrants,Plantation
IOICORP-C19: CW IOI CORPORATION BERHAD (CIMB),196119,Warrants,Plantation
KLK-C2: CW KUALA LUMPUR KEPONG BERHAD (RHB),2445C2,Warrants,Plantation
SIMEPLT-CH: CW SIME DARBY PLANTATION BERHAD (MACQ),5285CH,Warrants,Plantation
SIMEPLT-CI: CW SIME DARBY PLANTATION BERHAD (CIMB),5285CI,Warrants,Plantation
SIMEPLT-CJ: CW SIME DARBY PLANTATION BERHAD (MIBB),5285CJ,Warrants,Plantation
TAANN-CM: CW TA ANN HOLDINGS BERHAD (KIBB),5012CM,Warrants,Plantation
GHLSYS-CA: CW GHL SYSTEMS BERHAD (MIBB),0021CA,Warrants,Technology
GTRONIC-CR: CW GLOBETRONICS TECHNOLOGY BERHAD (MIBB),7022CR,Warrants,Technology
GTRONIC-CS: CW GLOBETRONICS TECHNOLOGY BERHAD (MACQ),7022CS,Warrants,Technology
GTRONIC-CT: CW GLOBETRONICS TECHNOLOGY BERHAD (KIBB),7022CT,Warrants,Technology
GTRONIC-CU: CW GLOBETRONICS TECHNOLOGY BERHAD (RHB),7022CU,Warrants,Technology
GTRONIC-CV: CW GLOBETRONICS TECHNOLOGY BERHAD (RHB),7022CV,Warrants,Technology
GTRONIC-CW: CW GLOBETRONICS TECHNOLOGY BERHAD (MACQ),7022CW,Warrants,Technology
INARI-C21: CW INARI AMERTRON BERHAD (MIBB),016621,Warrants,Technology
INARI-C22: CW INARI AMERTRON BERHAD (RHB),016622,Warrants,Technology
INARI-C23: CW INARI AMERTRON BERHAD (CIMB),016623,Warrants,Technology
INARI-C24: CW INARI AMERTRON BERHAD (KIBB),016624,Warrants,Technology
INARI-C25: CW INARI AMERTRON BERHAD (MACQ),016625,Warrants,Technology
INARI-C26: CW INARI AMERTRON BERHAD (CIMB),016626,Warrants,Technology
INARI-C27: CW INARI AMERTRON BERHAD (MACQ),016627,Warrants,Technology
INARI-C28: CW INARI AMERTRON BERHAD (RHB),016628,Warrants,Technology
INARI-C29: CW INARI AMERTRON BERHAD (KIBB),016629,Warrants,Technology
INARI-C30: CW INARI AMERTRON BERHAD (AM),016630,Warrants,Technology
INARI-C31: CW INARI AMERTRON BERHAD (KIBB),016631,Warrants,Technology
INARI-C32: CW INARI AMERTRON BERHAD (MACQ),016632,Warrants,Technology
INARI-C33: CW INARI AMERTRON BERHAD (CIMB),016633,Warrants,Technology
INARI-C34: CW INARI AMERTRON BERHAD (MIBB),016634,Warrants,Technology
INARI-C35: CW INARI AMERTRON BERHAD (KIBB),016635,Warrants,Technology
INARI-C36: CW INARI AMERTRON BERHAD (AM),016636,Warrants,Technology
INARI-C37: CW INARI AMERTRON BERHAD (CIMB),016637,Warrants,Technology
MI-CA: CW MI TECHNOVATION BERHAD (RHB),5286CA,Warrants,Technology
MI-CB: CW MI TECHNOVATION BERHAD (MACQ),5286CB,Warrants,Technology
MI-CC: CW MI TECHNOVATION BERHAD (MACQ),5286CC,Warrants,Technology
MI-CD: CW MI TECHNOVATION BERHAD (RHB),5286CD,Warrants,Technology
MI-CE: CW MI TECHNOVATION BERHAD (MIBB),5286CE,Warrants,Technology
MI-CF: CW MI TECHNOVATION BERHAD (KIBB),5286CF,Warrants,Technology
MYEG-C44: CW MY E.G. SERVICES BERHAD (MIBB),013844,Warrants,Technology
MYEG-C46: CW MY E.G. SERVICES BERHAD (MACQ),013846,Warrants,Technology
MYEG-C47: CW MY E.G. SERVICES BERHAD (RHB),013847,Warrants,Technology
MYEG-C48: CW MY E.G. SERVICES BERHAD (MACQ),013848,Warrants,Technology
MYEG-C49: CW MY E.G. SERVICES BERHAD (KIBB),013849,Warrants,Technology
MYEG-C50: CW MY E.G. SERVICES BERHAD (MIBB),013850,Warrants,Technology
MYEG-C51: CW MY E.G. SERVICES BERHAD (RHB),013851,Warrants,Technology
MYEG-C52: CW MY E.G. SERVICES BERHAD (MACQ),013852,Warrants,Technology
MYEG-C53: CW MY E.G. SERVICES BERHAD (CIMB),013853,Warrants,Technology
MYEG-C54: CW MY E.G. SERVICES BERHAD (KIBB),013854,Warrants,Technology
MYEG-C55: CW MY E.G. SERVICES BERHAD (MACQ),013855,Warrants,Technology
MYEG-C56: CW MY E.G. SERVICES BERHAD (MACQ),013856,Warrants,Technology
MYEG-C57: CW MY E.G. SERVICES BERHAD (RHB),013857,Warrants,Technology
MYEG-C58: CW MY E.G. SERVICES BERHAD (KIBB),013858,Warrants,Technology
MYEG-C59: CW MY E.G. SERVICES BERHAD (KIBB),013859,Warrants,Technology
MYEG-C60: CW MY E.G. SERVICES BERHAD (CIMB),013860,Warrants,Technology
MYEG-C61: CW MY E.G. SERVICES BERHAD (KIBB),013861,Warrants,Technology
MYEG-C62: CW MY E.G. SERVICES BERHAD (AM),013862,Warrants,Technology
MYEG-C63: CW MY E.G. SERVICES BERHAD (RHB),013863,Warrants,Technology
UNISEM-C11: CW UNISEM (M) BERHAD (MIBB),500511,Warrants,Technology
UNISEM-C12: CW UNISEM (M) BERHAD (RHB),500512,Warrants,Technology
UNISEM-C14: CW UNISEM (M) BERHAD (MACQ),500514,Warrants,Technology
UNISEM-C15: CW UNISEM (M) BERHAD (KIBB),500515,Warrants,Technology
VITROX-CL: CW VITROX CORPORATION BERHAD (MACQ),0097CL,Warrants,Technology
VITROX-CM: CW VITROX CORPORATION BERHAD (MIBB),0097CM,Warrants,Technology
MALAKOFC12: CW MALAKOFF CORPORATION BERHAD (MACQ),526412,Warrants,Utilities
MALAKOFC13: CW MALAKOFF CORPORATION BERHAD (RHB),526413,Warrants,Utilities
 MALAKOFC15: CW MALAKOFF CORPORATION BERHAD (CIMB),526415,Warrants,Utilities
MALAKOFC16: CW MALAKOFF CORPORATION BERHAD (MACQ),526416,Warrants,Utilities
MALAKOFC17: CW MALAKOFF CORPORATION BERHAD (MIBB),526417,Warrants,Utilities
MALAKOFC18: CW MALAKOFF CORPORATION BERHAD (RHB),526418,Warrants,Utilities
MALAKOFC19: CW MALAKOFF CORPORATION BERHAD (MACQ),526419,Warrants,Utilities
MALAKOFC20: CW MALAKOFF CORPORATION BERHAD (KIBB),526420,Warrants,Utilities
MALAKOFC21: CW MALAKOFF CORPORATION BERHAD (AM),526421,Warrants,Utilities
MALAKOFC22: CW MALAKOFF CORPORATION BERHAD (MACQ),526422,Warrants,Utilities
PETGAS-CR: CW PETRONAS GAS BERHAD (RHB),6033CR,Warrants,Utilities
PETGAS-CS: CW PETRONAS GAS BERHAD (CIMB),6033CS,Warrants,Utilities
TALIWRK-CE: CW TALIWORKS CORPORATION BERHAD (MIBB),8524CE,Warrants,Utilities
TENAGA-C47: CW TENAGA NASIONAL BERHAD (MIBB),534747,Warrants,Utilities
TENAGA-C49: CW TENAGA NASIONAL BERHAD (MACQ),534749,Warrants,Utilities
TENAGA-C50: CW TENAGA NASIONAL BERHAD (MACQ),534750,Warrants,Utilities
TENAGA-C51: CW TENAGA NASIONAL BERHAD (CIMB),534751,Warrants,Utilities
TENAGA-C52: CW TENAGA NASIONAL BERHAD (RHB),534752,Warrants,Utilities
TENAGA-C53: CW TENAGA NASIONAL BERHAD (KIBB),534753,Warrants,Utilities
TENAGA-C54: CW TENAGA NASIONAL BERHAD (RHB),534754,Warrants,Utilities
YTL-C22: CW YTL CORPORATION BERHAD (MIBB),467722,Warrants,Utilities
YTL-C23: CW YTL CORPORATION BERHAD (CIMB),467723,Warrants,Utilities
YTL-C24: CW YTL CORPORATION BERHAD (AM),467724,Warrants,Utilities
YTLPOWR-C5: CW YTL POWER INTERNATIONAL BERHAD (CIMB),6742C5,Warrants,Utilities
YTLPOWR-C6: CW YTL POWER INTERNATIONAL BERHAD (MACQ),6742C6,Warrants,Utilities
YTLPOWR-C7: CW YTL POWER INTERNATIONAL BERHAD (AM),6742C7,Warrants,Utilities
ABF MALAYSIA BOND INDEX FUND,0800EA,ETF,Exchange Traded Fund-Bond
TRADEPLUS S&P NEW CHINA TRACKER-MYR,0829EA,ETF,Exchange Traded Fund-Equity
TRADEPLUS S&P NEW CHINA TRACKER-USD,0829EB,ETF,Exchange Traded Fund-Equity
CIMB FTSE ASEAN 40 MALAYSIA,0822EA,ETF,Exchange Traded Fund-Equity
CIMB FTSE CHINA 50,0823EA,ETF,Exchange Traded Fund-Equity
FTSE BURSA MALAYSIA KLCI ETF,0820EA,ETF,Exchange Traded Fund-Equity
MYETF THOMSON REUTERS ASIA PACIFIC EX-JAPAN ISLAMIC AGRIBUSINESS,0826EA,ETF,Exchange Traded Fund-Equity
MyETF MSCI SEA ISLAMIC DIVIDEND,0825EA,ETF,Exchange Traded Fund-Equity
MYETF DOW JONES U.S. TITANS 50,0827EA,ETF,Exchange Traded Fund-Equity
MyETF DJISLAMICMKTMSIATITANS25,0821EA,ETF,Exchange Traded Fund-Equity
MyETF MSCI MALAYSIA ISLAMIC DIVIDEND,0824EA,ETF,Exchange Traded Fund-Equity
TRADEPLUS SHARIAH GOLD TRACKER,0828EA,ETF,Exchange Traded Fund-Commodity
